﻿pos_x,pos_y,rotation,side,designator,mpn,pack,footprint,value,mount_type
133.883,29.5325,90.0,top,C1,,,C_0603_1608Metric_Pad1.08x0.95mm_HandSolder,100n,smt
40.37,61.468,-90.0,top,C10,,,C_1206_3216Metric_Pad1.33x1.80mm_HandSolder,10u,smt
41.894,57.912,180.0,top,C11,,,C_0603_1608Metric_Pad1.08x0.95mm_HandSolder,100n,smt
43.926,49.784,180.0,top,C12,,,C_0603_1608Metric_Pad1.08x0.95mm_HandSolder,100n,smt
38.338,53.34,0.0,top,C13,,,C_0603_1608Metric_Pad1.08x0.95mm_HandSolder,22p,smt
43.926,59.944,0.0,top,C14,,,C_0603_1608Metric_Pad1.08x0.95mm_HandSolder,100n,smt
44.434,61.976,180.0,top,C15,,,C_1206_3216Metric_Pad1.33x1.80mm_HandSolder,22u,smt
44.434,64.516,180.0,top,C16,,,C_1206_3216Metric_Pad1.33x1.80mm_HandSolder,22u,smt
54.589,29.205,90.0,top,C17,,,C_0603_1608Metric_Pad1.08x0.95mm_HandSolder,100n,smt
38.841,27.173,0.0,top,C18,,,C_0603_1608Metric_Pad1.08x0.95mm_HandSolder,100n,smt
42.905,33.523,-90.0,top,C19,,,C_1206_3216Metric_Pad1.33x1.80mm_HandSolder,10u,smt
98.282,62.357,0.0,top,C2,,,C_0603_1608Metric_Pad1.08x0.95mm_HandSolder,100n,smt
34.777,35.555,0.0,top,C20,,,C_1206_3216Metric_Pad1.33x1.80mm_HandSolder,10u,smt
34.777,33.015,0.0,top,C21,,,C_1206_3216Metric_Pad1.33x1.80mm_HandSolder,10u,smt
39.349,34.793,180.0,top,C22,,,C_0603_1608Metric_Pad1.08x0.95mm_HandSolder,100n,smt
46.847,10.668,0.0,top,C3,,,C_1206_3216Metric_Pad1.33x1.80mm_HandSolder,10u,smt
50.403,12.192,-90.0,top,C4,,,C_0603_1608Metric_Pad1.08x0.95mm_HandSolder,100n,smt
58.531,14.224,-90.0,top,C5,,,C_0603_1608Metric_Pad1.08x0.95mm_HandSolder,100n,smt
54.975,8.636,90.0,top,C6,,,C_0603_1608Metric_Pad1.08x0.95mm_HandSolder,22p,smt
48.371,14.224,90.0,top,C7,,,C_0603_1608Metric_Pad1.08x0.95mm_HandSolder,100n,smt
43.799,14.732,-90.0,top,C8,,,C_1206_3216Metric_Pad1.33x1.80mm_HandSolder,22u,smt
46.339,14.732,-90.0,top,C9,,,C_1206_3216Metric_Pad1.33x1.80mm_HandSolder,22u,smt
68.548,60.722,0.0,top,D1,,,LED_0603_1608Metric_Pad1.05x0.95mm_HandSolder,ledc_chan_2_ON,smt
54.79625,49.276,0.0,top,D2,,,LED_0603_1608Metric_Pad1.05x0.95mm_HandSolder,ledc_chan_1_ON,smt
83.4715,65.3675,180.0,top,D25,,,LED_0603_1608Metric_Pad1.05x0.95mm_HandSolder,ResON,smt
92.694,70.3815,0.0,top,D26,,,LED_0603_1608Metric_Pad1.05x0.95mm_HandSolder,ResON,smt
92.694,63.2695,0.0,top,D27,,,LED_0603_1608Metric_Pad1.05x0.95mm_HandSolder,ResON,smt
83.55,58.1895,180.0,top,D28,,,LED_0603_1608Metric_Pad1.05x0.95mm_HandSolder,ResON,smt
92.694,56.1575,0.0,top,D29,,,LED_0603_1608Metric_Pad1.05x0.95mm_HandSolder,ResON,smt
66.532,27.94,90.0,top,D3,,,LED_0603_1608Metric_Pad1.05x0.95mm_HandSolder,BATT_ON,smt
83.4715,51.1435,180.0,top,D30,,,LED_0603_1608Metric_Pad1.05x0.95mm_HandSolder,ResON,smt
38.074,29.348,180.0,top,D31,,,D_SOD-123,18V,smt
52.049,29.459,-90.0,top,D32,,,D_SOD-123,18V,smt
92.694,49.0455,0.0,top,D33,,,LED_0603_1608Metric_Pad1.05x0.95mm_HandSolder,ResON,smt
83.55,43.9655,180.0,top,D34,,,LED_0603_1608Metric_Pad1.05x0.95mm_HandSolder,ResON,smt
118.094,48.5,0.0,top,D35,,,LED_0603_1608Metric_Pad1.05x0.95mm_HandSolder,ResON,smt
108.95,43.4575,180.0,top,D36,,,LED_0603_1608Metric_Pad1.05x0.95mm_HandSolder,ResON,smt
118.094,55.6495,0.0,top,D37,,,LED_0603_1608Metric_Pad1.05x0.95mm_HandSolder,ResON,smt
108.95,50.5695,180.0,top,D38,,,LED_0603_1608Metric_Pad1.05x0.95mm_HandSolder,ResON,smt
108.95,64.7935,180.0,top,D39,,,LED_0603_1608Metric_Pad1.05x0.95mm_HandSolder,ResON,smt
68.564,49.291,0.0,top,D4,,,LED_0603_1608Metric_Pad1.05x0.95mm_HandSolder,ledc_chan_0_ON,smt
108.95,57.6815,180.0,top,D40,,,LED_0603_1608Metric_Pad1.05x0.95mm_HandSolder,ResON,smt
118.094,62.7615,0.0,top,D41,,,LED_0603_1608Metric_Pad1.05x0.95mm_HandSolder,ResON,smt
118.094,69.8735,0.0,top,D42,,,LED_0603_1608Metric_Pad1.05x0.95mm_HandSolder,ResON,smt
54.54225,53.975,0.0,top,D43,,,LED_0603_1608Metric_Pad1.05x0.95mm_HandSolder,Out Lo,smt
54.66925,60.96,0.0,top,D44,,,LED_0603_1608Metric_Pad1.05x0.95mm_HandSolder,Out Hi,smt
124.317,59.69,0.0,top,D45,,,LED_0603_1608Metric_Pad1.05x0.95mm_HandSolder,Out Hi,smt
124.19,52.705,0.0,top,D46,,,LED_0603_1608Metric_Pad1.05x0.95mm_HandSolder,Out Lo,smt
124.317,48.26,0.0,top,D47,,,LED_0603_1608Metric_Pad1.05x0.95mm_HandSolder,Out Hi,smt
124.19,41.275,0.0,top,D48,,,LED_0603_1608Metric_Pad1.05x0.95mm_HandSolder,Out Lo,smt
68.437,20.32,0.0,top,D49,,,LED_0603_1608Metric_Pad1.05x0.95mm_HandSolder,Out Hi,smt
40.243,10.668,180.0,top,D5,,,LED_0603_1608Metric_Pad1.05x0.95mm_HandSolder,5V_ON,smt
68.31,13.335,0.0,top,D50,,,LED_0603_1608Metric_Pad1.05x0.95mm_HandSolder,Out Lo,smt
82.407,8.89,0.0,top,D51,,,LED_0603_1608Metric_Pad1.05x0.95mm_HandSolder,Out Hi,smt
82.28,1.905,0.0,top,D52,,,LED_0603_1608Metric_Pad1.05x0.95mm_HandSolder,Out Lo,smt
82.407,20.32,0.0,top,D53,,,LED_0603_1608Metric_Pad1.05x0.95mm_HandSolder,Out Hi,smt
82.28,13.335,0.0,top,D54,,,LED_0603_1608Metric_Pad1.05x0.95mm_HandSolder,Out Lo,smt
96.377,8.89,0.0,top,D55,,,LED_0603_1608Metric_Pad1.05x0.95mm_HandSolder,Out Hi,smt
96.25,1.905,0.0,top,D56,,,LED_0603_1608Metric_Pad1.05x0.95mm_HandSolder,Out Lo,smt
96.377,20.32,0.0,top,D57,,,LED_0603_1608Metric_Pad1.05x0.95mm_HandSolder,Out Hi,smt
96.25,13.335,0.0,top,D58,,,LED_0603_1608Metric_Pad1.05x0.95mm_HandSolder,Out Lo,smt
138.287,48.275,0.0,top,D59,,,LED_0603_1608Metric_Pad1.05x0.95mm_HandSolder,Out Hi,smt
40.37,68.072,90.0,top,D6,,,LED_0603_1608Metric_Pad1.05x0.95mm_HandSolder,3V3_ON,smt
138.16,41.29,0.0,top,D60,,,LED_0603_1608Metric_Pad1.05x0.95mm_HandSolder,Out Lo,smt
138.287,59.69,0.0,top,D61,,,LED_0603_1608Metric_Pad1.05x0.95mm_HandSolder,Out Hi,smt
138.16,52.705,0.0,top,D62,,,LED_0603_1608Metric_Pad1.05x0.95mm_HandSolder,Out Lo,smt
138.287,20.447,0.0,top,D63,,,LED_0603_1608Metric_Pad1.05x0.95mm_HandSolder,Out Hi,smt
138.16,13.462,0.0,top,D64,,,LED_0603_1608Metric_Pad1.05x0.95mm_HandSolder,Out Lo,smt
138.287,8.89,0.0,top,D65,,,LED_0603_1608Metric_Pad1.05x0.95mm_HandSolder,Out Hi,smt
138.16,1.905,0.0,top,D66,,,LED_0603_1608Metric_Pad1.05x0.95mm_HandSolder,Out Lo,smt
124.317,20.32,0.0,top,D67,,,LED_0603_1608Metric_Pad1.05x0.95mm_HandSolder,Out Hi,smt
124.19,13.335,0.0,top,D68,,,LED_0603_1608Metric_Pad1.05x0.95mm_HandSolder,Out Lo,smt
124.317,8.89,0.0,top,D69,,,LED_0603_1608Metric_Pad1.05x0.95mm_HandSolder,Out Hi,smt
74.152,65.024,180.0,top,D7,,,LED_0603_1608Metric_Pad1.05x0.95mm_HandSolder,IGN_ON,smt
124.19,1.905,0.0,top,D70,,,LED_0603_1608Metric_Pad1.05x0.95mm_HandSolder,Out Lo,smt
110.347,20.32,0.0,top,D71,,,LED_0603_1608Metric_Pad1.05x0.95mm_HandSolder,Out Hi,smt
110.22,13.335,0.0,top,D72,,,LED_0603_1608Metric_Pad1.05x0.95mm_HandSolder,Out Lo,smt
110.347,8.89,0.0,top,D73,,,LED_0603_1608Metric_Pad1.05x0.95mm_HandSolder,Out Hi,smt
110.22,1.905,0.0,top,D74,,,LED_0603_1608Metric_Pad1.05x0.95mm_HandSolder,Out Lo,smt
34.777,38.608,90.0,top,D8,,,LED_0603_1608Metric_Pad1.05x0.95mm_HandSolder,PROT12V ON,smt
62.219,32.623,180.0,top,F1,,,Fuse_BelFuse_0ZRE0033FF_L11.4mm_W3.8mm,0ZRB0250FF1E,tht
39.349,32.761,180.0,top,FB1,,,L_0805_2012Metric,120R@100MHz,smt
54.467,12.192,0.0,top,IC1,,,TSOT-23-6_HandSoldering,AP62200,smt
41.894,53.848,-90.0,top,IC2,,,TSOT-23-6_HandSoldering,AP62200,smt
87.355,34.295,-90.0,bottom,J1,,,PinHeader_2x12_P2.54mm_Vertical,Car 24P Connector,tht
72.12,13.97,90.0,top,J10,,,PinHeader_1x03_P2.54mm_Vertical,Manual backup,tht
86.09,2.54,90.0,top,J11,,,PinHeader_1x03_P2.54mm_Vertical,Manual backup,tht
86.09,13.97,90.0,top,J12,,,PinHeader_1x03_P2.54mm_Vertical,Manual backup,tht
100.06,2.54,90.0,top,J13,,,PinHeader_1x03_P2.54mm_Vertical,Manual backup,tht
100.06,13.97,90.0,top,J14,,,PinHeader_1x03_P2.54mm_Vertical,Manual backup,tht
141.97,41.925,90.0,top,J15,,,PinHeader_1x03_P2.54mm_Vertical,Manual backup,tht
141.97,53.34,90.0,top,J16,,,PinHeader_1x03_P2.54mm_Vertical,Manual backup,tht
141.97,14.097,90.0,top,J17,,,PinHeader_1x03_P2.54mm_Vertical,Manual backup,tht
141.97,2.54,90.0,top,J18,,,PinHeader_1x03_P2.54mm_Vertical,Manual backup,tht
128.0,13.97,90.0,top,J19,,,PinHeader_1x03_P2.54mm_Vertical,Manual backup,tht
74.644,59.691,0.0,top,J2,,,PinHeader_1x03_P2.54mm_Vertical,Level_Select,tht
128.0,2.54,90.0,top,J20,,,PinHeader_1x03_P2.54mm_Vertical,Manual backup,tht
114.03,13.97,90.0,top,J21,,,PinHeader_1x03_P2.54mm_Vertical,Manual backup,tht
114.03,2.54,90.0,top,J22,,,PinHeader_1x03_P2.54mm_Vertical,Manual backup,tht
58.35225,54.61,90.0,top,J23,,,PinHeader_1x03_P2.54mm_Vertical,Manual backup,tht
60.89225,48.26,0.0,top,J3,,,PinHeader_1x03_P2.54mm_Vertical,Level_Select,tht
72.12,33.02,-90.0,top,J4,,,PinHeader_2x02_P2.54mm_Vertical,Board supply,tht
74.66,48.26,0.0,top,J5,,,PinHeader_1x03_P2.54mm_Vertical,Level_Select,tht
134.096,65.527,180.0,top,J6,,,PinHeader_1x02_P2.54mm_Vertical,I²C debug,tht
100.289,46.375,180.0,top,J7,,,PinSocket_1x02_P2.54mm_Vertical,R bypass,tht
128.0,53.34,90.0,top,J8,,,PinHeader_1x03_P2.54mm_Vertical,Manual backup,tht
128.0,41.91,90.0,top,J9,,,PinHeader_1x03_P2.54mm_Vertical,Manual backup,tht
53.451,17.272,-90.0,top,L1,,,Ind_5050,4u7,smt
46.974,54.864,90.0,top,L2,,,L_Taiyo-Yuden_NR-50xx_HandSoldering,3u3,smt
68.548,54.626,0.0,top,Q1,,,SOT-23,2N7002,smt
42.651,28.443,90.0,top,Q10,,,SOT-23,2N7002,smt
51.541,34.031,0.0,top,Q11,,,SOT-23,PJA3441,smt
46.461,31.745,180.0,top,Q12,,,SOT-23,PJA3441,smt
90.662,46.5055,180.0,top,Q13,,,SOT-23,2N7002,smt
85.582,46.5055,0.0,top,Q14,,,SOT-23,2N7002,smt
116.062,45.96,180.0,top,Q15,,,SOT-23,2N7002,smt
110.982,45.9975,0.0,top,Q16,,,SOT-23,2N7002,smt
116.062,53.1095,180.0,top,Q17,,,SOT-23,2N7002,smt
110.982,53.1095,0.0,top,Q18,,,SOT-23,2N7002,smt
110.982,67.3335,0.0,top,Q19,,,SOT-23,2N7002,smt
54.79625,43.18,0.0,top,Q2,,,SOT-23,2N7002,smt
110.982,60.2215,0.0,top,Q20,,,SOT-23,2N7002,smt
116.062,60.2215,180.0,top,Q21,,,SOT-23,2N7002,smt
116.062,67.3335,180.0,top,Q22,,,SOT-23,2N7002,smt
56.44725,58.293,0.0,top,Q23,,,SOT-23,2N7002,smt
126.095,57.023,0.0,top,Q24,,,SOT-23,2N7002,smt
126.095,45.593,0.0,top,Q25,,,SOT-23,2N7002,smt
70.215,17.653,0.0,top,Q26,,,SOT-23,2N7002,smt
84.185,6.223,0.0,top,Q27,,,SOT-23,2N7002,smt
84.185,17.653,0.0,top,Q28,,,SOT-23,2N7002,smt
98.155,6.223,0.0,top,Q29,,,SOT-23,2N7002,smt
68.5917,43.18,0.0,top,Q3,,,SOT-23,2N7002,smt
98.155,17.653,0.0,top,Q30,,,SOT-23,2N7002,smt
140.065,45.608,0.0,top,Q31,,,SOT-23,2N7002,smt
140.065,57.023,0.0,top,Q32,,,SOT-23,2N7002,smt
140.065,17.78,0.0,top,Q33,,,SOT-23,2N7002,smt
140.065,6.223,0.0,top,Q34,,,SOT-23,2N7002,smt
126.095,17.653,0.0,top,Q35,,,SOT-23,2N7002,smt
126.095,6.223,0.0,top,Q36,,,SOT-23,2N7002,smt
112.125,17.653,0.0,top,Q37,,,SOT-23,2N7002,smt
112.125,6.223,0.0,top,Q38,,,SOT-23,2N7002,smt
85.5035,67.9075,0.0,top,Q4,,,SOT-23,2N7002,smt
90.662,67.8415,180.0,top,Q5,,,SOT-23,2N7002,smt
90.662,60.7295,180.0,top,Q6,,,SOT-23,2N7002,smt
85.582,60.7295,0.0,top,Q7,,,SOT-23,2N7002,smt
90.662,53.6175,180.0,top,Q8,,,SOT-23,2N7002,smt
85.5035,53.6835,0.0,top,Q9,,,SOT-23,2N7002,smt
68.548,57.674,0.0,top,R1,,,R_0603_1608Metric_Pad0.98x0.95mm_HandSolder,1k,smt
133.883,33.5965,-90.0,top,R10,,,R_0805_2012Metric_Pad1.20x1.40mm_HandSolder,0R,smt
93.71,67.8415,90.0,top,R100,,,R_0603_1608Metric_Pad0.98x0.95mm_HandSolder,330,smt
92.694,65.3015,180.0,top,R101,,,R_0603_1608Metric_Pad0.98x0.95mm_HandSolder,1k,smt
93.71,60.7295,90.0,top,R102,,,R_0603_1608Metric_Pad0.98x0.95mm_HandSolder,330,smt
92.694,58.1895,180.0,top,R103,,,R_0603_1608Metric_Pad0.98x0.95mm_HandSolder,1k,smt
82.534,60.7295,-90.0,top,R104,,,R_0603_1608Metric_Pad0.98x0.95mm_HandSolder,330,smt
83.55,63.2695,0.0,top,R105,,,R_0603_1608Metric_Pad0.98x0.95mm_HandSolder,1k,smt
93.71,53.6175,90.0,top,R106,,,R_0603_1608Metric_Pad0.98x0.95mm_HandSolder,330,smt
92.694,51.0775,180.0,top,R107,,,R_0603_1608Metric_Pad0.98x0.95mm_HandSolder,1k,smt
82.4555,53.6835,-90.0,top,R108,,,R_0603_1608Metric_Pad0.98x0.95mm_HandSolder,330,smt
83.4715,56.2235,0.0,top,R109,,,R_0603_1608Metric_Pad0.98x0.95mm_HandSolder,1k,smt
68.564,46.243,0.0,top,R11,,,R_0603_1608Metric_Pad0.98x0.95mm_HandSolder,1k,smt
42.646,25.395,180.0,top,R110,,,R_0805_2012Metric_Pad1.20x1.40mm_HandSolder,30k,smt
38.846,25.506,180.0,top,R111,,,R_0603_1608Metric_Pad0.98x0.95mm_HandSolder,10k,smt
46.715,28.951,0.0,top,R112,,,R_0603_1608Metric_Pad0.98x0.95mm_HandSolder,10k,smt
49.763,29.856,-90.0,top,R113,,,R_0603_1608Metric_Pad0.98x0.95mm_HandSolder,100k,smt
93.71,46.5055,90.0,top,R114,,,R_0603_1608Metric_Pad0.98x0.95mm_HandSolder,330,smt
92.694,43.9655,180.0,top,R115,,,R_0603_1608Metric_Pad0.98x0.95mm_HandSolder,1k,smt
82.534,46.5055,-90.0,top,R116,,,R_0603_1608Metric_Pad0.98x0.95mm_HandSolder,330,smt
83.55,49.0455,0.0,top,R117,,,R_0603_1608Metric_Pad0.98x0.95mm_HandSolder,1k,smt
119.11,45.96,90.0,top,R118,,,R_0603_1608Metric_Pad0.98x0.95mm_HandSolder,330,smt
118.094,43.42,180.0,top,R119,,,R_0603_1608Metric_Pad0.98x0.95mm_HandSolder,1k,smt
68.564,47.767,0.0,top,R12,,,R_0603_1608Metric_Pad0.98x0.95mm_HandSolder,270,smt
107.934,45.9975,-90.0,top,R120,,,R_0603_1608Metric_Pad0.98x0.95mm_HandSolder,330,smt
108.95,48.5375,0.0,top,R121,,,R_0603_1608Metric_Pad0.98x0.95mm_HandSolder,1k,smt
119.11,53.1095,90.0,top,R122,,,R_0603_1608Metric_Pad0.98x0.95mm_HandSolder,330,smt
118.094,50.5695,180.0,top,R123,,,R_0603_1608Metric_Pad0.98x0.95mm_HandSolder,1k,smt
107.934,53.1095,-90.0,top,R124,,,R_0603_1608Metric_Pad0.98x0.95mm_HandSolder,330,smt
108.95,55.6495,0.0,top,R125,,,R_0603_1608Metric_Pad0.98x0.95mm_HandSolder,1k,smt
107.934,67.3335,-90.0,top,R126,,,R_0603_1608Metric_Pad0.98x0.95mm_HandSolder,330,smt
108.95,69.8735,0.0,top,R127,,,R_0603_1608Metric_Pad0.98x0.95mm_HandSolder,1k,smt
107.934,60.2215,-90.0,top,R128,,,R_0603_1608Metric_Pad0.98x0.95mm_HandSolder,330,smt
108.95,62.7615,0.0,top,R129,,,R_0603_1608Metric_Pad0.98x0.95mm_HandSolder,1k,smt
71.612,47.259,90.0,top,R13,,,R_0805_2012Metric_Pad1.20x1.40mm_HandSolder,0R,smt
119.11,60.2215,90.0,top,R130,,,R_0603_1608Metric_Pad0.98x0.95mm_HandSolder,330,smt
118.094,57.6815,180.0,top,R131,,,R_0603_1608Metric_Pad0.98x0.95mm_HandSolder,1k,smt
119.11,67.3335,90.0,top,R132,,,R_0603_1608Metric_Pad0.98x0.95mm_HandSolder,330,smt
118.094,64.7935,180.0,top,R133,,,R_0603_1608Metric_Pad0.98x0.95mm_HandSolder,1k,smt
31.48,2.54,180.0,top,R134,,,R_0805_2012Metric_Pad1.20x1.40mm_HandSolder,0R,smt
54.54225,55.626,0.0,top,R135,,,R_0603_1608Metric_Pad0.98x0.95mm_HandSolder,270,smt
54.66925,62.611,0.0,top,R136,,,R_0603_1608Metric_Pad0.98x0.95mm_HandSolder,270,smt
53.52625,58.293,90.0,top,R137,,,R_0603_1608Metric_Pad0.98x0.95mm_HandSolder,1k,smt
124.317,61.341,0.0,top,R138,,,R_0603_1608Metric_Pad0.98x0.95mm_HandSolder,270,smt
63.68625,61.976,0.0,top,R139,,,R_0805_2012Metric_Pad1.20x1.40mm_HandSolder,1k,smt
71.612,43.195,90.0,top,R14,,,R_0805_2012Metric_Pad1.20x1.40mm_HandSolder,1k,smt
63.68625,59.817,0.0,top,R140,,,R_0805_2012Metric_Pad1.20x1.40mm_HandSolder,1k,smt
63.68625,57.658,0.0,top,R141,,,R_0805_2012Metric_Pad1.20x1.40mm_HandSolder,1k,smt
124.19,54.356,0.0,top,R142,,,R_0603_1608Metric_Pad0.98x0.95mm_HandSolder,270,smt
123.174,57.023,90.0,top,R143,,,R_0603_1608Metric_Pad0.98x0.95mm_HandSolder,1k,smt
133.334,58.547,0.0,top,R144,,,R_0805_2012Metric_Pad1.20x1.40mm_HandSolder,1k,smt
133.334,60.706,0.0,top,R145,,,R_0805_2012Metric_Pad1.20x1.40mm_HandSolder,1k,smt
133.334,56.388,0.0,top,R146,,,R_0805_2012Metric_Pad1.20x1.40mm_HandSolder,1k,smt
124.317,49.911,0.0,top,R147,,,R_0603_1608Metric_Pad0.98x0.95mm_HandSolder,270,smt
124.19,42.926,0.0,top,R148,,,R_0603_1608Metric_Pad0.98x0.95mm_HandSolder,270,smt
123.174,45.593,90.0,top,R149,,,R_0603_1608Metric_Pad0.98x0.95mm_HandSolder,1k,smt
40.243,12.192,180.0,top,R15,,,R_0603_1608Metric_Pad0.98x0.95mm_HandSolder,620,smt
133.334,47.117,0.0,top,R150,,,R_0805_2012Metric_Pad1.20x1.40mm_HandSolder,1k,smt
133.334,49.276,0.0,top,R151,,,R_0805_2012Metric_Pad1.20x1.40mm_HandSolder,1k,smt
133.334,44.958,0.0,top,R152,,,R_0805_2012Metric_Pad1.20x1.40mm_HandSolder,1k,smt
68.437,21.971,0.0,top,R153,,,R_0603_1608Metric_Pad0.98x0.95mm_HandSolder,270,smt
68.31,14.986,0.0,top,R154,,,R_0603_1608Metric_Pad0.98x0.95mm_HandSolder,270,smt
67.294,17.653,90.0,top,R155,,,R_0603_1608Metric_Pad0.98x0.95mm_HandSolder,1k,smt
77.454,19.177,0.0,top,R156,,,R_0805_2012Metric_Pad1.20x1.40mm_HandSolder,1k,smt
77.454,21.336,0.0,top,R157,,,R_0805_2012Metric_Pad1.20x1.40mm_HandSolder,1k,smt
77.454,17.018,0.0,top,R158,,,R_0805_2012Metric_Pad1.20x1.40mm_HandSolder,1k,smt
82.407,10.541,0.0,top,R159,,,R_0603_1608Metric_Pad0.98x0.95mm_HandSolder,270,smt
41.894,68.072,90.0,top,R16,,,R_0603_1608Metric_Pad0.98x0.95mm_HandSolder,270,smt
82.28,3.556,0.0,top,R160,,,R_0603_1608Metric_Pad0.98x0.95mm_HandSolder,270,smt
81.264,6.223,90.0,top,R161,,,R_0603_1608Metric_Pad0.98x0.95mm_HandSolder,1k,smt
91.424,7.747,0.0,top,R162,,,R_0805_2012Metric_Pad1.20x1.40mm_HandSolder,1k,smt
91.424,9.906,0.0,top,R163,,,R_0805_2012Metric_Pad1.20x1.40mm_HandSolder,1k,smt
91.424,5.588,0.0,top,R164,,,R_0805_2012Metric_Pad1.20x1.40mm_HandSolder,1k,smt
82.407,21.971,0.0,top,R165,,,R_0603_1608Metric_Pad0.98x0.95mm_HandSolder,270,smt
82.28,14.986,0.0,top,R166,,,R_0603_1608Metric_Pad0.98x0.95mm_HandSolder,270,smt
81.264,17.653,90.0,top,R167,,,R_0603_1608Metric_Pad0.98x0.95mm_HandSolder,1k,smt
91.424,19.177,0.0,top,R168,,,R_0805_2012Metric_Pad1.20x1.40mm_HandSolder,1k,smt
91.424,21.336,0.0,top,R169,,,R_0805_2012Metric_Pad1.20x1.40mm_HandSolder,1k,smt
4.81,68.58,90.0,top,R17,,,R_0805_2012Metric_Pad1.20x1.40mm_HandSolder,0R,smt
91.424,17.018,0.0,top,R170,,,R_0805_2012Metric_Pad1.20x1.40mm_HandSolder,1k,smt
96.377,10.541,0.0,top,R171,,,R_0603_1608Metric_Pad0.98x0.95mm_HandSolder,270,smt
96.25,3.556,0.0,top,R172,,,R_0603_1608Metric_Pad0.98x0.95mm_HandSolder,270,smt
95.234,6.223,90.0,top,R173,,,R_0603_1608Metric_Pad0.98x0.95mm_HandSolder,1k,smt
105.394,7.747,0.0,top,R174,,,R_0805_2012Metric_Pad1.20x1.40mm_HandSolder,1k,smt
105.394,9.906,0.0,top,R175,,,R_0805_2012Metric_Pad1.20x1.40mm_HandSolder,1k,smt
105.394,5.588,0.0,top,R176,,,R_0805_2012Metric_Pad1.20x1.40mm_HandSolder,1k,smt
96.377,21.971,0.0,top,R177,,,R_0603_1608Metric_Pad0.98x0.95mm_HandSolder,270,smt
96.25,14.986,0.0,top,R178,,,R_0603_1608Metric_Pad0.98x0.95mm_HandSolder,270,smt
95.234,17.653,90.0,top,R179,,,R_0603_1608Metric_Pad0.98x0.95mm_HandSolder,1k,smt
70.088,65.024,0.0,top,R18,,,R_0603_1608Metric_Pad0.98x0.95mm_HandSolder,270,smt
105.394,19.177,0.0,top,R180,,,R_0805_2012Metric_Pad1.20x1.40mm_HandSolder,1k,smt
105.394,21.336,0.0,top,R181,,,R_0805_2012Metric_Pad1.20x1.40mm_HandSolder,1k,smt
105.394,17.018,0.0,top,R182,,,R_0805_2012Metric_Pad1.20x1.40mm_HandSolder,1k,smt
138.287,49.926,0.0,top,R183,,,R_0603_1608Metric_Pad0.98x0.95mm_HandSolder,270,smt
138.16,42.941,0.0,top,R184,,,R_0603_1608Metric_Pad0.98x0.95mm_HandSolder,270,smt
137.144,45.608,90.0,top,R185,,,R_0603_1608Metric_Pad0.98x0.95mm_HandSolder,1k,smt
147.304,47.132,0.0,top,R186,,,R_0805_2012Metric_Pad1.20x1.40mm_HandSolder,1k,smt
147.304,49.291,0.0,top,R187,,,R_0805_2012Metric_Pad1.20x1.40mm_HandSolder,1k,smt
147.304,44.973,0.0,top,R188,,,R_0805_2012Metric_Pad1.20x1.40mm_HandSolder,1k,smt
138.287,61.341,0.0,top,R189,,,R_0603_1608Metric_Pad0.98x0.95mm_HandSolder,270,smt
78.216,69.596,-90.0,top,R19,,,R_0603_1608Metric_Pad0.98x0.95mm_HandSolder,1k,smt
138.16,54.356,0.0,top,R190,,,R_0603_1608Metric_Pad0.98x0.95mm_HandSolder,270,smt
137.144,57.023,90.0,top,R191,,,R_0603_1608Metric_Pad0.98x0.95mm_HandSolder,1k,smt
147.304,58.547,0.0,top,R192,,,R_0805_2012Metric_Pad1.20x1.40mm_HandSolder,1k,smt
147.304,60.706,0.0,top,R193,,,R_0805_2012Metric_Pad1.20x1.40mm_HandSolder,1k,smt
147.304,56.388,0.0,top,R194,,,R_0805_2012Metric_Pad1.20x1.40mm_HandSolder,1k,smt
138.287,22.098,0.0,top,R195,,,R_0603_1608Metric_Pad0.98x0.95mm_HandSolder,270,smt
138.16,15.113,0.0,top,R196,,,R_0603_1608Metric_Pad0.98x0.95mm_HandSolder,270,smt
137.144,17.78,90.0,top,R197,,,R_0603_1608Metric_Pad0.98x0.95mm_HandSolder,1k,smt
147.304,19.304,0.0,top,R198,,,R_0805_2012Metric_Pad1.20x1.40mm_HandSolder,1k,smt
147.304,21.463,0.0,top,R199,,,R_0805_2012Metric_Pad1.20x1.40mm_HandSolder,1k,smt
68.548,59.198,0.0,top,R2,,,R_0603_1608Metric_Pad0.98x0.95mm_HandSolder,270,smt
36.555,38.603,90.0,top,R20,,,R_0603_1608Metric_Pad0.98x0.95mm_HandSolder,3k,smt
147.304,17.145,0.0,top,R200,,,R_0805_2012Metric_Pad1.20x1.40mm_HandSolder,1k,smt
138.287,10.541,0.0,top,R201,,,R_0603_1608Metric_Pad0.98x0.95mm_HandSolder,270,smt
138.16,3.556,0.0,top,R202,,,R_0603_1608Metric_Pad0.98x0.95mm_HandSolder,270,smt
137.144,6.223,90.0,top,R203,,,R_0603_1608Metric_Pad0.98x0.95mm_HandSolder,1k,smt
147.304,7.747,0.0,top,R204,,,R_0805_2012Metric_Pad1.20x1.40mm_HandSolder,1k,smt
147.304,9.906,0.0,top,R205,,,R_0805_2012Metric_Pad1.20x1.40mm_HandSolder,1k,smt
147.304,5.588,0.0,top,R206,,,R_0805_2012Metric_Pad1.20x1.40mm_HandSolder,1k,smt
124.317,21.971,0.0,top,R207,,,R_0603_1608Metric_Pad0.98x0.95mm_HandSolder,270,smt
124.19,14.986,0.0,top,R208,,,R_0603_1608Metric_Pad0.98x0.95mm_HandSolder,270,smt
123.174,17.653,90.0,top,R209,,,R_0603_1608Metric_Pad0.98x0.95mm_HandSolder,1k,smt
89.646,64.2855,90.0,top,R21,,,R_0603_1608Metric_Pad0.98x0.95mm_HandSolder,270,smt
133.334,19.177,0.0,top,R210,,,R_0805_2012Metric_Pad1.20x1.40mm_HandSolder,1k,smt
133.334,21.336,0.0,top,R211,,,R_0805_2012Metric_Pad1.20x1.40mm_HandSolder,1k,smt
133.334,17.018,0.0,top,R212,,,R_0805_2012Metric_Pad1.20x1.40mm_HandSolder,1k,smt
124.317,10.541,0.0,top,R213,,,R_0603_1608Metric_Pad0.98x0.95mm_HandSolder,270,smt
124.19,3.556,0.0,top,R214,,,R_0603_1608Metric_Pad0.98x0.95mm_HandSolder,270,smt
123.174,6.223,90.0,top,R215,,,R_0603_1608Metric_Pad0.98x0.95mm_HandSolder,1k,smt
133.334,7.747,0.0,top,R216,,,R_0805_2012Metric_Pad1.20x1.40mm_HandSolder,1k,smt
133.334,9.906,0.0,top,R217,,,R_0805_2012Metric_Pad1.20x1.40mm_HandSolder,1k,smt
133.334,5.588,0.0,top,R218,,,R_0805_2012Metric_Pad1.20x1.40mm_HandSolder,1k,smt
110.347,21.971,0.0,top,R219,,,R_0603_1608Metric_Pad0.98x0.95mm_HandSolder,270,smt
86.598,64.2855,90.0,top,R22,,,R_0603_1608Metric_Pad0.98x0.95mm_HandSolder,270,smt
110.22,14.986,0.0,top,R220,,,R_0603_1608Metric_Pad0.98x0.95mm_HandSolder,270,smt
109.204,17.653,90.0,top,R221,,,R_0603_1608Metric_Pad0.98x0.95mm_HandSolder,1k,smt
119.364,19.177,0.0,top,R222,,,R_0805_2012Metric_Pad1.20x1.40mm_HandSolder,1k,smt
119.364,21.336,0.0,top,R223,,,R_0805_2012Metric_Pad1.20x1.40mm_HandSolder,1k,smt
119.364,17.018,0.0,top,R224,,,R_0805_2012Metric_Pad1.20x1.40mm_HandSolder,1k,smt
110.347,10.541,0.0,top,R225,,,R_0603_1608Metric_Pad0.98x0.95mm_HandSolder,270,smt
110.22,3.556,0.0,top,R226,,,R_0603_1608Metric_Pad0.98x0.95mm_HandSolder,270,smt
109.204,6.223,90.0,top,R227,,,R_0603_1608Metric_Pad0.98x0.95mm_HandSolder,1k,smt
119.364,7.747,0.0,top,R228,,,R_0805_2012Metric_Pad1.20x1.40mm_HandSolder,1k,smt
119.364,9.906,0.0,top,R229,,,R_0805_2012Metric_Pad1.20x1.40mm_HandSolder,1k,smt
89.646,57.1735,90.0,top,R23,,,R_0603_1608Metric_Pad0.98x0.95mm_HandSolder,270,smt
119.364,5.588,0.0,top,R230,,,R_0805_2012Metric_Pad1.20x1.40mm_HandSolder,1k,smt
86.598,57.1735,90.0,top,R24,,,R_0603_1608Metric_Pad0.98x0.95mm_HandSolder,270,smt
89.646,50.0615,90.0,top,R25,,,R_0603_1608Metric_Pad0.98x0.95mm_HandSolder,270,smt
86.598,50.0615,90.0,top,R26,,,R_0603_1608Metric_Pad0.98x0.95mm_HandSolder,270,smt
89.646,42.9495,90.0,top,R27,,,R_0603_1608Metric_Pad0.98x0.95mm_HandSolder,270,smt
86.598,42.9495,90.0,top,R28,,,R_0603_1608Metric_Pad0.98x0.95mm_HandSolder,270,smt
115.046,42.4415,90.0,top,R29,,,R_0603_1608Metric_Pad0.98x0.95mm_HandSolder,2k,smt
71.596,58.69,90.0,top,R3,,,R_0805_2012Metric_Pad1.20x1.40mm_HandSolder,0R,smt
111.998,42.4415,90.0,top,R30,,,R_0603_1608Metric_Pad0.98x0.95mm_HandSolder,2k,smt
115.046,49.5535,90.0,top,R31,,,R_0603_1608Metric_Pad0.98x0.95mm_HandSolder,2k,smt
111.998,49.5535,90.0,top,R32,,,R_0603_1608Metric_Pad0.98x0.95mm_HandSolder,2k,smt
115.046,56.6655,90.0,top,R33,,,R_0603_1608Metric_Pad0.98x0.95mm_HandSolder,2k,smt
111.998,56.6655,90.0,top,R34,,,R_0603_1608Metric_Pad0.98x0.95mm_HandSolder,2k,smt
115.046,63.7775,90.0,top,R35,,,R_0603_1608Metric_Pad0.98x0.95mm_HandSolder,2k,smt
111.998,63.7775,90.0,top,R36,,,R_0603_1608Metric_Pad0.98x0.95mm_HandSolder,2k,smt
41.259,15.224,90.0,top,R37,,,R_0805_2012Metric_Pad1.20x1.40mm_HandSolder,0R,smt
44.942,67.056,0.0,top,R38,,,R_0805_2012Metric_Pad1.20x1.40mm_HandSolder,0R,smt
102.346,62.357,180.0,top,R39,,,R_0805_2012Metric_Pad1.20x1.40mm_HandSolder,0R,smt
71.596,54.626,90.0,top,R4,,,R_0805_2012Metric_Pad1.20x1.40mm_HandSolder,1k,smt
31.48,55.88,0.0,top,R40,,,R_0603_1608Metric_Pad0.98x0.95mm_HandSolder,4k7,smt
31.48,53.37,0.0,top,R41,,,R_0603_1608Metric_Pad0.98x0.95mm_HandSolder,4k7,smt
61.579,10.668,90.0,top,R42,,,R_0603_1608Metric_Pad0.98x0.95mm_HandSolder,1k,smt
60.055,10.668,-90.0,top,R43,,,R_0603_1608Metric_Pad0.98x0.95mm_HandSolder,100k,smt
57.515,8.128,0.0,top,R44,,,R_0603_1608Metric_Pad0.98x0.95mm_HandSolder,43k,smt
57.515,9.652,0.0,top,R45,,,R_0603_1608Metric_Pad0.98x0.95mm_HandSolder,8k2,smt
54.79625,46.228,0.0,top,R5,,,R_0603_1608Metric_Pad0.98x0.95mm_HandSolder,1k,smt
54.79625,47.752,0.0,top,R6,,,R_0603_1608Metric_Pad0.98x0.95mm_HandSolder,270,smt
57.84425,47.244,90.0,top,R7,,,R_0805_2012Metric_Pad1.20x1.40mm_HandSolder,0R,smt
57.84425,43.18,90.0,top,R8,,,R_0805_2012Metric_Pad1.20x1.40mm_HandSolder,1k,smt
66.532,31.496,-90.0,top,R9,,,R_0603_1608Metric_Pad0.98x0.95mm_HandSolder,3k,smt
40.37,46.736,0.0,top,R91,,,R_0603_1608Metric_Pad0.98x0.95mm_HandSolder,820k,smt
40.37,48.26,180.0,top,R92,,,R_0603_1608Metric_Pad0.98x0.95mm_HandSolder,120k,smt
37.83,50.8,-90.0,top,R93,,,R_0603_1608Metric_Pad0.98x0.95mm_HandSolder,75k,smt
39.354,50.8,-90.0,top,R94,,,R_0603_1608Metric_Pad0.98x0.95mm_HandSolder,24k,smt
82.4555,67.9075,-90.0,top,R98,,,R_0603_1608Metric_Pad0.98x0.95mm_HandSolder,330,smt
83.4715,70.4475,0.0,top,R99,,,R_0603_1608Metric_Pad0.98x0.95mm_HandSolder,1k,smt
63.185,28.555,180.0,top,RV1,,,RV_Disc_D9mm_W3.5mm_P5mm,MOV-07D220K,tht
68.3525,68.5675,0.0,top,SW1,,,SW_DIP_SPSTx01_Slide_9.78x4.72mm_W7.62mm_P2.54mm,Enable,tht
147.05,35.0,-90.0,top,SW2,,,SW_PUSH_1P1T_6x3.5mm_H5.0_APEM_MJTP1250,Button Manual,tht
139.43,31.75,90.0,top,U1,,,TSSOP-24_4.4x7.8mm_P0.65mm,TCA9555PWR,smt
4.81,64.77,0.0,top,U2,,,ESP32-S3-DevKitC,ESP32-S3-DevKitC,tht
100.314,56.769,0.0,top,U3,,,TSSOP-24_4.4x7.8mm_P0.65mm,TCA9555PWR,smt
