﻿Designator,Quantity,Value,Footprint,Package,MPN,DNP,Mount_Type,Description,MFT,MFT_PN,Dielectric,Tol,Voltage,Sim.Pin,Vf,If,Irated,Isat,DCR,Power
"C1, C11, C12, C14, C17, C18, C2, C22, C4, C5, C7",11,100n,C_0603_1608Metric_Pad1.08x0.95mm_HandSolder,,,,smt,"[C2]CAP CER 0.1UF 16V X7R 0603; [C22,C4,C5,C7]CAP CER 0.1UF 50V X7R 0603","[C2]Yageo; [C22,C4,C5,C7]Samsung Electro-Mechanics","[C2]CC0603KRX7R7BB104; [C22,C4,C5,C7]CL10B104KB8NNWC",X7R,10%,"[C2]16V; [C22,C4,C5,C7]50V",,,,,,,
"C10, C19, C20, C21, C3",5,10u,C_1206_3216Metric_Pad1.33x1.80mm_HandSolder,,,,smt,CAP CER 10UF 25V X7R 1206,Samsung Electro-Mechanics,CL31B106KAHNNNE,X7R,10%,25V,,,,,,,
C13,1,22p,C_0603_1608Metric_Pad1.08x0.95mm_HandSolder,,,Yes,smt,CAP CER 22PF 50V X7R 0603,Kyocera AVX,06035C220JAT2A,C0G/NP0,10%,50V,,,,,,,
"C15, C16, C8, C9",4,22u,C_1206_3216Metric_Pad1.33x1.80mm_HandSolder,,,,smt,CAP CER 22UF 10V X7R 1206,Samsung Electro-Mechanics,CL31B226KPHNNNE,X7R,20%,10V,,,,,,,
C6,1,22p,C_0603_1608Metric_Pad1.08x0.95mm_HandSolder,,,Yes,smt,CAP CER 22PF 50V X7R 0603,Kyocera AVX,06035C220JAT2A,C0G/NP0,10%,50V,,,,,,,
D1,1,ledc_chan_2_ON,LED_0603_1608Metric_Pad1.05x0.95mm_HandSolder,,,,smt,LED ORANGE DIFFUSED 0603 SMD,Harvatek Corp,B1911UD--20D001014U1930,,,2V,1=K 2=A,2V,5mA,,,,
D2,1,ledc_chan_1_ON,LED_0603_1608Metric_Pad1.05x0.95mm_HandSolder,,,,smt,LED ORANGE DIFFUSED 0603 SMD,Harvatek Corp,B1911UD--20D001014U1930,,,2V,1=K 2=A,2V,5mA,,,,
"D25, D26, D27, D28, D29, D30, D33, D34, D35, D36, D37, D38, D39, D40, D41, D42",16,ResON,LED_0603_1608Metric_Pad1.05x0.95mm_HandSolder,,,,smt,LED ORANGE DIFFUSED 0603 SMD,Harvatek Corp,B1911UD--20D001014U1930,,,2V,1=K 2=A,2V,5mA,,,,
D3,1,BATT_ON,LED_0603_1608Metric_Pad1.05x0.95mm_HandSolder,,,,smt,LED GREEN DIFFUSED 0603 SMD,Harvatek Corp,B1911PG--20D000514U1930,,,2V,1=K 2=A,2V,5mA,,,,
"D31, D32",2,18V,D_SOD-123,,,,smt,DIODE ZENER 18V 200MW SOD123,Micro Commercial Co,BZT52C18-TP,,,18V,,,,,,,
D4,1,ledc_chan_0_ON,LED_0603_1608Metric_Pad1.05x0.95mm_HandSolder,,,,smt,LED ORANGE DIFFUSED 0603 SMD,Harvatek Corp,B1911UD--20D001014U1930,,,2V,1=K 2=A,2V,5mA,,,,
"D43, D46, D48, D50, D52, D54, D56, D58, D60, D62, D64, D66, D68, D70, D72, D74",16,Out Lo,LED_0603_1608Metric_Pad1.05x0.95mm_HandSolder,,,,smt,LED GREEN DIFFUSED 0603 SMD,Harvatek Corp,B1911PG--20D000514U1930,,,2V,1=K 2=A,2V,5mA,,,,
"D44, D45, D47, D49, D51, D53, D55, D57, D59, D61, D63, D65, D67, D69, D71, D73",16,Out Hi,LED_0603_1608Metric_Pad1.05x0.95mm_HandSolder,,,,smt,LED GREEN DIFFUSED 0603 SMD,Harvatek Corp,B1911PG--20D000514U1930,,,2V,1=K 2=A,2V,5mA,,,,
D5,1,5V_ON,LED_0603_1608Metric_Pad1.05x0.95mm_HandSolder,,,,smt,LED GREEN DIFFUSED 0603 SMD,Harvatek Corp,B1911PG--20D000514U1930,,,2V,1=K 2=A,2V,5mA,,,,
D6,1,3V3_ON,LED_0603_1608Metric_Pad1.05x0.95mm_HandSolder,,,,smt,LED GREEN DIFFUSED 0603 SMD,Harvatek Corp,B1911PG--20D000514U1930,,,2V,1=K 2=A,2V,5mA,,,,
D7,1,IGN_ON,LED_0603_1608Metric_Pad1.05x0.95mm_HandSolder,,,,smt,LED GREEN DIFFUSED 0603 SMD,Harvatek Corp,B1911PG--20D000514U1930,,,2V,1=K 2=A,2V,5mA,,,,
D8,1,PROT12V ON,LED_0603_1608Metric_Pad1.05x0.95mm_HandSolder,,,,smt,LED GREEN DIFFUSED 0603 SMD,Harvatek Corp,B1911PG--20D000514U1930,,,2V,1=K 2=A,2V,5mA,,,,
F1,1,0ZRB0250FF1E,Fuse_BelFuse_0ZRE0033FF_L11.4mm_W3.8mm,,,Yes,tht,PTC RESET FUSE 30V 2.5A RADIAL,Bel Fuse,0ZRB0250FF1E,,,,,,,,,,
FB1,1,120R@100MHz,L_0805_2012Metric,,,,smt,FERRITE BEAD 120 OHM 0805 1LN,Würth Elektronik,742792023,,,,,,,,,,
"IC1, IC2",2,AP62200,TSOT-23-6_HandSoldering,,,,smt,"4.2V to 18V input, 2A low Iq Sync",Diodes Inc,AP62200WU-7,,,,,,,,,,
J10,1,Manual backup,PinHeader_1x03_P2.54mm_Vertical,,,Yes,tht,CONN HEADER VERT 3POS 2.54MM,Würth Elektronik,61300311121,,,,,,,,,,
J11,1,Manual backup,PinHeader_1x03_P2.54mm_Vertical,,,Yes,tht,CONN HEADER VERT 3POS 2.54MM,Würth Elektronik,61300311121,,,,,,,,,,
J12,1,Manual backup,PinHeader_1x03_P2.54mm_Vertical,,,Yes,tht,CONN HEADER VERT 3POS 2.54MM,Würth Elektronik,61300311121,,,,,,,,,,
J13,1,Manual backup,PinHeader_1x03_P2.54mm_Vertical,,,Yes,tht,CONN HEADER VERT 3POS 2.54MM,Würth Elektronik,61300311121,,,,,,,,,,
J14,1,Manual backup,PinHeader_1x03_P2.54mm_Vertical,,,Yes,tht,CONN HEADER VERT 3POS 2.54MM,Würth Elektronik,61300311121,,,,,,,,,,
J15,1,Manual backup,PinHeader_1x03_P2.54mm_Vertical,,,Yes,tht,CONN HEADER VERT 3POS 2.54MM,Würth Elektronik,61300311121,,,,,,,,,,
J16,1,Manual backup,PinHeader_1x03_P2.54mm_Vertical,,,Yes,tht,CONN HEADER VERT 3POS 2.54MM,Würth Elektronik,61300311121,,,,,,,,,,
J17,1,Manual backup,PinHeader_1x03_P2.54mm_Vertical,,,Yes,tht,CONN HEADER VERT 3POS 2.54MM,Würth Elektronik,61300311121,,,,,,,,,,
J18,1,Manual backup,PinHeader_1x03_P2.54mm_Vertical,,,Yes,tht,CONN HEADER VERT 3POS 2.54MM,Würth Elektronik,61300311121,,,,,,,,,,
J19,1,Manual backup,PinHeader_1x03_P2.54mm_Vertical,,,Yes,tht,CONN HEADER VERT 3POS 2.54MM,Würth Elektronik,61300311121,,,,,,,,,,
J2,1,Level_Select,PinHeader_1x03_P2.54mm_Vertical,,,Yes,tht,CONN HEADER VERT 3POS 2.54MM,Würth Elektronik,61300311121,,,,,,,,,,
J20,1,Manual backup,PinHeader_1x03_P2.54mm_Vertical,,,Yes,tht,CONN HEADER VERT 3POS 2.54MM,Würth Elektronik,61300311121,,,,,,,,,,
J21,1,Manual backup,PinHeader_1x03_P2.54mm_Vertical,,,Yes,tht,CONN HEADER VERT 3POS 2.54MM,Würth Elektronik,61300311121,,,,,,,,,,
J22,1,Manual backup,PinHeader_1x03_P2.54mm_Vertical,,,Yes,tht,CONN HEADER VERT 3POS 2.54MM,Würth Elektronik,61300311121,,,,,,,,,,
J23,1,Manual backup,PinHeader_1x03_P2.54mm_Vertical,,,Yes,tht,CONN HEADER VERT 3POS 2.54MM,Würth Elektronik,61300311121,,,,,,,,,,
J3,1,Level_Select,PinHeader_1x03_P2.54mm_Vertical,,,Yes,tht,CONN HEADER VERT 3POS 2.54MM,Würth Elektronik,61300311121,,,,,,,,,,
J4,1,Board supply,PinHeader_2x02_P2.54mm_Vertical,,,Yes,tht,CONN HEADER SMD 4POS 2.54MM,Amphenol ICC (FCI),10129383-904001BLF,,,,,,,,,,
J5,1,Level_Select,PinHeader_1x03_P2.54mm_Vertical,,,Yes,tht,CONN HEADER VERT 3POS 2.54MM,Würth Elektronik,61300311121,,,,,,,,,,
J7,1,R bypass,PinSocket_1x02_P2.54mm_Vertical,,,Yes,tht,CONN HEADER VERT 2POS 2.54MM,Würth Elektronik,61300211121,,,,,,,,,,
J8,1,Manual backup,PinHeader_1x03_P2.54mm_Vertical,,,Yes,tht,CONN HEADER VERT 3POS 2.54MM,Würth Elektronik,61300311121,,,,,,,,,,
J9,1,Manual backup,PinHeader_1x03_P2.54mm_Vertical,,,Yes,tht,CONN HEADER VERT 3POS 2.54MM,Würth Elektronik,61300311121,,,,,,,,,,
L1,1,4u7,Ind_5050,,,,smt,FIXED IND 4.7UH 3.2A 32 MOHM SMD,Pulse Electronics,BWVS005050404R7M00,,20%,,,,,3.2A,4.2A,32mOhm,
L2,1,3u3,L_Taiyo-Yuden_NR-50xx_HandSoldering,,,,smt,FIXED IND 3.3UH 3A 30 MOHM SMD,Taiyo Yuden,NRS5030T3R3MMGJ,,20%,,,,,3A,3.6A,30mOhm,
"Q1, Q10, Q13, Q14, Q15, Q16, Q17, Q18, Q19, Q2, Q20, Q21, Q22, Q23, Q24, Q25, Q26, Q27, Q28, Q29, Q3, Q30, Q31, Q32, Q33, Q34, Q35, Q36, Q37, Q38, Q4, Q5, Q6, Q7, Q8, Q9",36,2N7002,SOT-23,,,,smt,"N-MOSFET transistor, gate/source/drain",Micro Commercial Co,2N7002-TP,,,,,,,,,,
"Q11, Q12",2,PJA3441,SOT-23,,,,smt,"P-MOSFET transistor, gate/source/drain",Panjit,PJA3441_R1_00001,,,,,,,,,,
"R1, R101, R103, R105, R107, R109, R11, R115, R117, R119, R121, R123, R125, R127, R129, R131, R133, R137, R143, R149, R155, R161, R167, R173, R179, R185, R19, R191, R197, R203, R209, R215, R221, R227, R42, R5, R99",37,1k,R_0603_1608Metric_Pad0.98x0.95mm_HandSolder,,,,smt,RES 1K OHM 1% 1/10W 0603,Yageo,RC0603FR-071KL,,1%,,,,,,,,100mW
"R10, R13, R134, R17, R3, R37, R38, R39, R7",9,0R,R_0805_2012Metric_Pad1.20x1.40mm_HandSolder,,,,smt,RES SMD 0 OHM JUMPER 1/8W 0805,Panasonic Electronic Components,ERJ-6GEY0R00V,,1%,,,,,,,,100mW
"R100, R102, R104, R106, R108, R114, R116, R118, R120, R122, R124, R126, R128, R130, R132, R98",16,330,R_0603_1608Metric_Pad0.98x0.95mm_HandSolder,,,,smt,RES 330 OHM 1% 1/10W 0603,Yageo,RC0603FR-07330RL,,1%,,,,,,,,100mW
R110,1,30k,R_0805_2012Metric_Pad1.20x1.40mm_HandSolder,,,,smt,RES 30K OHM 1% 1/8W 0805,StackPole Electronics,RMCF0805FT30K0,,1%,,,,,,,,125mW
"R111, R112",2,10k,R_0603_1608Metric_Pad0.98x0.95mm_HandSolder,,,,smt,RES 10K OHM 1% 1/10W 0603,StackPole Electronics,RMCF0603FT10K0,,1%,,,,,,,,100mW
"R113, R43",2,100k,R_0603_1608Metric_Pad0.98x0.95mm_HandSolder,,,,smt,RES 100K OHM 1% 1/10W 0603,StackPole Electronics,RMCF0603FT100K,,1%,,,,,,,,100mW
"R12, R135, R136, R138, R142, R147, R148, R153, R154, R159, R16, R160, R165, R166, R171, R172, R177, R178, R18, R183, R184, R189, R190, R195, R196, R2, R201, R202, R207, R208, R21, R213, R214, R219, R22, R220, R225, R226, R23, R24, R25, R26, R27, R28, R6",45,270,R_0603_1608Metric_Pad0.98x0.95mm_HandSolder,,,,smt,RES 270 OHM 1% 1/10W 0603,Yageo,RC0603FR-07270RL,,1%,,,,,,,,100mW
"R139, R14, R140, R144, R145, R150, R151, R156, R157, R162, R163, R168, R169, R174, R175, R180, R181, R186, R187, R192, R193, R198, R199, R204, R205, R210, R211, R216, R217, R222, R223, R228, R229, R4, R8",35,1k,R_0805_2012Metric_Pad1.20x1.40mm_HandSolder,,,,smt,RES 1K OHM 1% 1/4W 0805,StackPole Electronics,RNCP0805FTD1K00,,1%,,,,,,,,250mW
R141,1,1k,R_0805_2012Metric_Pad1.20x1.40mm_HandSolder,,,Yes,smt,RES 1K OHM 1% 1/4W 0805,StackPole Electronics,RNCP0805FTD1K00,,1%,,,,,,,,250mW
R146,1,1k,R_0805_2012Metric_Pad1.20x1.40mm_HandSolder,,,Yes,smt,RES 1K OHM 1% 1/4W 0805,StackPole Electronics,RNCP0805FTD1K00,,1%,,,,,,,,250mW
R15,1,620,R_0603_1608Metric_Pad0.98x0.95mm_HandSolder,,,,smt,RES 620 OHM 1% 1/10W 0603,Vishay,CRCW0603620RFKEAC,,1%,,,,,,,,100mW
R152,1,1k,R_0805_2012Metric_Pad1.20x1.40mm_HandSolder,,,Yes,smt,RES 1K OHM 1% 1/4W 0805,StackPole Electronics,RNCP0805FTD1K00,,1%,,,,,,,,250mW
R158,1,1k,R_0805_2012Metric_Pad1.20x1.40mm_HandSolder,,,Yes,smt,RES 1K OHM 1% 1/4W 0805,StackPole Electronics,RNCP0805FTD1K00,,1%,,,,,,,,250mW
R164,1,1k,R_0805_2012Metric_Pad1.20x1.40mm_HandSolder,,,Yes,smt,RES 1K OHM 1% 1/4W 0805,StackPole Electronics,RNCP0805FTD1K00,,1%,,,,,,,,250mW
R170,1,1k,R_0805_2012Metric_Pad1.20x1.40mm_HandSolder,,,Yes,smt,RES 1K OHM 1% 1/4W 0805,StackPole Electronics,RNCP0805FTD1K00,,1%,,,,,,,,250mW
R176,1,1k,R_0805_2012Metric_Pad1.20x1.40mm_HandSolder,,,Yes,smt,RES 1K OHM 1% 1/4W 0805,StackPole Electronics,RNCP0805FTD1K00,,1%,,,,,,,,250mW
R182,1,1k,R_0805_2012Metric_Pad1.20x1.40mm_HandSolder,,,Yes,smt,RES 1K OHM 1% 1/4W 0805,StackPole Electronics,RNCP0805FTD1K00,,1%,,,,,,,,250mW
R188,1,1k,R_0805_2012Metric_Pad1.20x1.40mm_HandSolder,,,Yes,smt,RES 1K OHM 1% 1/4W 0805,StackPole Electronics,RNCP0805FTD1K00,,1%,,,,,,,,250mW
R194,1,1k,R_0805_2012Metric_Pad1.20x1.40mm_HandSolder,,,Yes,smt,RES 1K OHM 1% 1/4W 0805,StackPole Electronics,RNCP0805FTD1K00,,1%,,,,,,,,250mW
"R20, R9",2,3k,R_0603_1608Metric_Pad0.98x0.95mm_HandSolder,,,,smt,RES 3K OHM 1% 1/10W 0603,StackPole Electronics,RMCF0603FT3K00,,1%,,,,,,,,100mW
R200,1,1k,R_0805_2012Metric_Pad1.20x1.40mm_HandSolder,,,Yes,smt,RES 1K OHM 1% 1/4W 0805,StackPole Electronics,RNCP0805FTD1K00,,1%,,,,,,,,250mW
R206,1,1k,R_0805_2012Metric_Pad1.20x1.40mm_HandSolder,,,Yes,smt,RES 1K OHM 1% 1/4W 0805,StackPole Electronics,RNCP0805FTD1K00,,1%,,,,,,,,250mW
R212,1,1k,R_0805_2012Metric_Pad1.20x1.40mm_HandSolder,,,Yes,smt,RES 1K OHM 1% 1/4W 0805,StackPole Electronics,RNCP0805FTD1K00,,1%,,,,,,,,250mW
R218,1,1k,R_0805_2012Metric_Pad1.20x1.40mm_HandSolder,,,Yes,smt,RES 1K OHM 1% 1/4W 0805,StackPole Electronics,RNCP0805FTD1K00,,1%,,,,,,,,250mW
R224,1,1k,R_0805_2012Metric_Pad1.20x1.40mm_HandSolder,,,Yes,smt,RES 1K OHM 1% 1/4W 0805,StackPole Electronics,RNCP0805FTD1K00,,1%,,,,,,,,250mW
R230,1,1k,R_0805_2012Metric_Pad1.20x1.40mm_HandSolder,,,Yes,smt,RES 1K OHM 1% 1/4W 0805,StackPole Electronics,RNCP0805FTD1K00,,1%,,,,,,,,250mW
"R29, R30, R31, R32, R33, R34, R35, R36",8,2k,R_0603_1608Metric_Pad0.98x0.95mm_HandSolder,,,,smt,RES 2K OHM 1% 1/10W 0603,StackPole Electronics,RMCF0603FT2K00,,1%,,,,,,,,100mW
"R40, R41",2,4k7,R_0603_1608Metric_Pad0.98x0.95mm_HandSolder,,,,smt,RES 4.7K OHM 1% 1/10W 0603,Yageo,RC0603FR-074K7L,,1%,,,,,,,,100mW
R44,1,43k,R_0603_1608Metric_Pad0.98x0.95mm_HandSolder,,,,smt,RES 43K OHM 1% 1/10W 0603,Yageo,RC0603FR-0743KL,,1%,,,,,,,,100mW
R45,1,8k2,R_0603_1608Metric_Pad0.98x0.95mm_HandSolder,,,,smt,RES 8.2K OHM 1% 1/10W 0603,Yageo,RC0603FR-078K2L,,1%,,,,,,,,100mW
R91,1,820k,R_0603_1608Metric_Pad0.98x0.95mm_HandSolder,,,,smt,RES 820K OHM 1% 1/10W 0603,StackPole Electronics,RMCF0603FT820K,,1%,,,,,,,,100mW
R92,1,120k,R_0603_1608Metric_Pad0.98x0.95mm_HandSolder,,,,smt,RES 120K OHM 1% 1/10W 0603,StackPole Electronics,RMCF0603FT120K,,1%,,,,,,,,100mW
R93,1,75k,R_0603_1608Metric_Pad0.98x0.95mm_HandSolder,,,,smt,RES 75K OHM 1% 1/10W 0603,StackPole Electronics,RMCF0603FT75K0,,1%,,,,,,,,100mW
R94,1,24k,R_0603_1608Metric_Pad0.98x0.95mm_HandSolder,,,,smt,RES 24K OHM 1% 1/10W 0603,Yageo,RC0603FR-1324KL,,1%,,,,,,,,100mW
RV1,1,MOV-07D220K,RV_Disc_D9mm_W3.5mm_P5mm,,,Yes,tht,VARISTOR 22V 250A DISC 7MM,Bourns,MOV-07D220K,,,,,,,,,,
SW1,1,Enable,SW_DIP_SPSTx01_Slide_9.78x4.72mm_W7.62mm_P2.54mm,,,Yes,tht,SWITCH SLIDE DIP SPST 0.025A 24V,Same Sky,DS01-254-L-01BE,,,,,,,,,,
SW2,1,Button Manual,SW_PUSH_1P1T_6x3.5mm_H5.0_APEM_MJTP1250,,,Yes,tht,"Push button switch, generic, two pins",APEM,MJTP1250,,,,,,,,,,
"U1, U3",2,TCA9555PWR,TSSOP-24_4.4x7.8mm_P0.65mm,,,,smt,"16-bit I/O expander, I2C and SMBus interface, interrupts, w/ pull-ups, TSSOP-24 package",Texas Instrument,TCA9555PWR,,,,,,,,,,
