﻿pos_x,pos_y,rotation,side,designator,mpn,pack,value,mount_type,place
140.965,67.3,0.0,top,12V_1,,PinHeader_2x04_P2.54mm_Vertical,Conn_02x04_Counter_Clockwise,tht,True
119.38,129.54,90.0,top,3V3_1,,PinHeader_2x04_P2.54mm_Vertical,Conn_02x04_Counter_Clockwise,tht,True
117.348,112.014,0.0,top,5V_1,,PinHeader_2x04_P2.54mm_Vertical,Conn_02x04_Counter_Clockwise,tht,True
54.61,55.89,90.0,top,A1,,Arduino_Nano,Nano V3 pulse generator,tht,True
125.73,68.58,90.0,top,BATT_1,,PinHeader_2x04_P2.54mm_Vertical,Conn_02x04_Counter_Clockwise,tht,True
108.966,68.326,90.0,top,C1,,C_0603_1608Metric,0.1uF 50V,smt,True
133.667,115.824,90.0,top,C10,,C_0402_1005Metric,100nF 50V,smt,True
131.635,113.284,90.0,top,C11,,C_0402_1005Metric,100pF,smt,True
124.65,115.57,-90.0,top,C12,,C_0805_2012Metric,22uF 16V,smt,True
8.509,63.741,90.0,top,C13,,C_0603_1608Metric,0.1uF 50V,smt,True
14.351,68.326,180.0,top,C14,,C_0603_1608Metric,0.1uF 50V,smt,True
38.989,63.741,90.0,top,C15,,C_0603_1608Metric,0.1uF 50V,smt,True
130.873,115.824,-90.0,top,C16,,C_0402_1005Metric,100nF 50V,smt,True
137.16,140.335,90.0,top,C17,,C_0402_1005Metric,100nF 50V,smt,True
138.938,140.462,90.0,top,C18,,C_0805_2012Metric,22uF 16V,smt,True
127.635,138.43,90.0,top,C19,,C_0805_2012Metric,22uF 16V,smt,True
107.188,68.326,-90.0,top,C2,,C_0603_1608Metric,0.1uF 50V,smt,True
135.509,142.397,90.0,top,C20,,C_0402_1005Metric,2.2µF,smt,True
132.588,139.347,-90.0,top,C21,,C_0402_1005Metric,100nF 50V,smt,True
132.08,143.891,180.0,top,C22,,C_0402_1005Metric,22pF,smt,True
129.286,138.176,-90.0,top,C23,,C_0402_1005Metric,100nF 50V,smt,True
44.831,68.326,180.0,top,C24,,C_0603_1608Metric,0.1uF 50V,smt,True
116.84,35.56,-90.0,top,C25,,C_0603_1608Metric,0.1uF 50V,smt,True
119.888,35.56,-90.0,top,C26,,C_0603_1608Metric,0.1uF 50V,smt,True
116.84,40.64,-90.0,top,C27,,C_0603_1608Metric,0.1uF 50V,smt,True
119.888,40.64,-90.0,top,C28,,C_0603_1608Metric,0.1uF 50V,smt,True
116.84,45.72,-90.0,top,C29,,C_0603_1608Metric,0.1uF 50V,smt,True
108.966,56.134,-90.0,top,C3,,C_0603_1608Metric,0.1uF 50V,smt,True
119.888,45.72,-90.0,top,C30,,C_0603_1608Metric,0.1uF 50V,smt,True
116.84,50.8,-90.0,top,C31,,C_0603_1608Metric,0.1uF 50V,smt,True
119.888,50.8,-90.0,top,C32,,C_0603_1608Metric,0.1uF 50V,smt,True
123.952,88.646,0.0,top,C33,,C_0603_1608Metric,0.1uF 50V,smt,True
138.684,81.153,-90.0,top,C34,,C_0603_1608Metric,0.1uF 50V,smt,True
130.81,94.488,0.0,top,C35,,C_0603_1608Metric,0.1uF 50V,smt,True
130.797,96.266,180.0,top,C36,,C_0603_1608Metric,1uF,smt,True
130.81,88.9,0.0,top,C37,,C_0603_1608Metric,0.1uF 50V,smt,True
102.362,56.134,-90.0,top,C38,,C_0603_1608Metric,0.1uF 50V,smt,True
100.584,56.134,-90.0,top,C39,,C_0603_1608Metric,0.1uF 50V,smt,True
107.188,56.134,-90.0,top,C4,,C_0603_1608Metric,0.1uF 50V,smt,True
23.749,63.741,90.0,top,C40,,C_0603_1608Metric,0.1uF 50V,smt,True
29.591,68.326,180.0,top,C41,,C_0603_1608Metric,0.1uF 50V,smt,True
129.222,115.57,-90.0,top,C5,,C_0805_2012Metric,22uF 16V,smt,True
136.461,107.569,180.0,top,C6,,C_0805_2012Metric,22uF 16V,smt,True
126.936,115.57,-90.0,top,C7,,C_0805_2012Metric,22uF 16V,smt,True
136.461,109.855,180.0,top,C8,,C_0805_2012Metric,22uF 16V,smt,True
136.588,111.633,180.0,top,C9,,C_0402_1005Metric,100nF 50V,smt,True
140.97,81.28,90.0,top,D1,,D_SOD-123,18V,smt,True
135.382,86.106,-90.0,top,D10,,D_SOD-123,18V,smt,True
19.05,56.134,90.0,top,D2,,D_SOD-123F,PMEG3010EH,smt,True
3.81,56.134,90.0,top,D3,,D_SOD-123F,PMEG3010EH,smt,True
14.605,56.134,90.0,top,D4,,D_SOD-123F,PMEG3010EH,smt,True
34.29,56.134,90.0,top,D5,,D_SOD-123F,PMEG3010EH,smt,True
45.085,56.134,90.0,top,D6,,D_SOD-123F,PMEG3010EH,smt,True
29.845,56.134,90.0,top,D7,,D_SOD-123F,PMEG3010EH,smt,True
124.46,107.566,-90.0,top,F1,,Fuse_1210_3225Metric,Polyfuse,smt,True
120.904,82.434,0.0,top,F2,,Fuse_BelFuse_0ZRE0033FF_L11.4mm_W3.8mm,0ZRB0250FF1E,tht,True
131.572,91.821,90.0,top,FB1,,L_0805_2012Metric,120R@100MHz,smt,True
140.965,46.99,0.0,top,GND_1,,PinHeader_2x04_P2.54mm_Vertical,Conn_02x04_Counter_Clockwise,tht,True
105.41,62.23,-90.0,top,IC1,,SOIC127P600X175-16N,CD74HC4050M96,smt,True
116.84,62.23,90.0,top,IC2,,SOIC127P600X175-8N,SP721ABG,smt,True
68.34775,108.372012,-90.0,top,IC3,,74HC4067BQQ100J,74HC4067BQ-Q100J,smt,True
134.727836,139.492,180.0,top,IC4,,MP2322GQHZ,MP2322GQH-Z,smt,True
24.384,67.31,0.0,top,IC5,,VSSOP-8_3.0x3.0mm_P0.65mm,LM358BAIDGKR,smt,True
9.144,67.31,0.0,top,IC6,,VSSOP-8_3.0x3.0mm_P0.65mm,LM358BAIDGKR,smt,True
39.624,67.31,0.0,top,IC7,,VSSOP-8_3.0x3.0mm_P0.65mm,LM358BAIDGKR,smt,True
11.39,140.97,180.0,top,J2,,JST_XH_S4B-XH-A-1_1x04_P2.50mm_Horizontal,Conn_01x04_Socket,tht,True
117.856,119.38,-90.0,top,JP1,,TestPoint_2Pads_Pitch2.54mm_Drill0.8mm,Jumper_2_Bridged,tht,True
83.95675,108.161012,90.0,top,JP10,,SolderJumper-2_P1.3mm_Open_TrianglePad1.0x1.5mm,SolderJumper_2_Open,tht,True
108.59475,109.648012,90.0,top,JP11,,TestPoint_2Pads_Pitch2.54mm_Drill0.8mm,Jumper_2_Bridged,tht,True
104.27675,111.443012,90.0,top,JP12,,SolderJumper-2_P1.3mm_Open_TrianglePad1.0x1.5mm,SolderJumper_2_Open,tht,True
65.786,90.444,90.0,top,JP13,,TestPoint_2Pads_Pitch2.54mm_Drill0.8mm,Jumper_2_Bridged,tht,True
69.85,91.403,90.0,top,JP14,,SolderJumper-2_P1.3mm_Open_TrianglePad1.0x1.5mm,SolderJumper_2_Open,tht,True
2.54,133.35,-90.0,top,JP15,,TestPoint_2Pads_Pitch2.54mm_Drill0.8mm,Jumper_2_Bridged,tht,True
6.35,132.08,-90.0,top,JP16,,SolderJumper-2_P1.3mm_Open_TrianglePad1.0x1.5mm,SolderJumper_2_Open,tht,True
27.31475,138.604012,180.0,top,JP17,,TestPoint_2Pads_Pitch2.54mm_Drill0.8mm,Jumper_2_Bridged,tht,True
25.31975,143.684012,180.0,top,JP18,,SolderJumper-2_P1.3mm_Open_TrianglePad1.0x1.5mm,SolderJumper_2_Open,tht,True
60.33475,138.604012,0.0,top,JP19,,TestPoint_2Pads_Pitch2.54mm_Drill0.8mm,Jumper_2_Bridged,tht,True
120.65,117.311,-90.0,top,JP2,,SolderJumper-2_P1.3mm_Open_TrianglePad1.0x1.5mm,SolderJumper_2_Open,tht,True
62.14975,143.684012,0.0,top,JP20,,SolderJumper-2_P1.3mm_Open_TrianglePad1.0x1.5mm,SolderJumper_2_Open,tht,True
84.46475,138.604012,180.0,top,JP21,,TestPoint_2Pads_Pitch2.54mm_Drill0.8mm,Jumper_2_Bridged,tht,True
82.64975,143.684012,180.0,top,JP22,,SolderJumper-2_P1.3mm_Open_TrianglePad1.0x1.5mm,SolderJumper_2_Open,tht,True
104.78475,138.604012,0.0,top,JP23,,TestPoint_2Pads_Pitch2.54mm_Drill0.8mm,Jumper_2_Bridged,tht,True
106.59975,143.684012,0.0,top,JP24,,SolderJumper-2_P1.3mm_Open_TrianglePad1.0x1.5mm,SolderJumper_2_Open,tht,True
57.912,99.568,180.0,top,JP25,,TestPoint_2Pads_Pitch2.54mm_Drill0.8mm,Jumper_2_Bridged,tht,True
56.642,95.504,180.0,top,JP26,,SolderJumper-2_P1.3mm_Open_TrianglePad1.0x1.5mm,SolderJumper_2_Open,tht,True
121.646,141.224,180.0,top,JP3,,TestPoint_2Pads_Pitch2.54mm_Drill0.8mm,Jumper_2_Bridged,tht,True
121.158,137.16,180.0,top,JP4,,SolderJumper-2_P1.3mm_Open_TrianglePad1.0x1.5mm,SolderJumper_2_Open,tht,True
134.112,100.35,90.0,top,JP5,,TestPoint_2Pads_Pitch2.54mm_Drill0.8mm,Jumper_2_Bridged,tht,True
138.176,101.637,90.0,top,JP6,,SolderJumper-2_P1.3mm_Open_TrianglePad1.0x1.5mm,SolderJumper_2_Open,tht,True
140.97,129.54,90.0,top,JP7,,TestPoint_2Pads_Pitch2.54mm_Drill0.8mm,Jumper_2_Bridged,tht,True
135.89,130.265,90.0,top,JP8,,SolderJumper-2_P1.3mm_Open_TrianglePad1.0x1.5mm,SolderJumper_2_Open,tht,True
77.35275,108.124012,0.0,top,JP9,,TestPoint_2Pads_Pitch2.54mm_Drill0.8mm,Jumper_2_Bridged,tht,True
134.048,120.396,180.0,top,L1,,L_Bourns-SRN6028,10uH,smt,True
132.207,136.525,180.0,top,L2,,L_1210_3225Metric,SRP3212A-3R3M,smt,True
136.435,114.554,90.0,top,PS1,,TSOT-23-6,AP63200WU-7,smt,True
134.62,81.28,180.0,top,Q1,,SOT-23,2N7002,smt,True
130.556,86.106,180.0,top,Q2,,SOT-23,PJA3441,smt,True
4.318,62.738,90.0,top,Q3,,SOT-23,DMG2301L,smt,True
14.097,62.738,-90.0,top,Q4,,SOT-23,DMG2301L,smt,True
34.798,62.738,90.0,top,Q5,,SOT-23,DMG2301L,smt,True
44.577,62.738,-90.0,top,Q6,,SOT-23,DMG2301L,smt,True
19.558,62.738,90.0,top,Q7,,SOT-23,DMG2301L,smt,True
29.337,62.738,-90.0,top,Q8,,SOT-23,DMG2301L,smt,True
139.763,114.554,180.0,top,R1,,R_0402_1005Metric,51k,smt,True
32.39475,132.254012,-90.0,top,R10,,R_0805_2012Metric,1K,smt,True
55.118,20.32,0.0,top,R100,,R_0603_1608Metric,270R,smt,True
55.118,17.78,0.0,top,R101,,R_0603_1608Metric,270R,smt,True
55.118,15.24,0.0,top,R102,,R_0603_1608Metric,270R,smt,True
55.118,12.7,0.0,top,R103,,R_0603_1608Metric,270R,smt,True
55.118,10.16,0.0,top,R104,,R_0603_1608Metric,270R,smt,True
55.118,7.62,0.0,top,R105,,R_0603_1608Metric,270R,smt,True
55.118,5.08,0.0,top,R106,,R_0603_1608Metric,270R,smt,True
55.118,2.54,0.0,top,R107,,R_0603_1608Metric,270R,smt,True
55.118,30.48,0.0,top,R108,,R_0603_1608Metric,270R,smt,True
75.438,27.94,0.0,top,R109,,R_0603_1608Metric,270R,smt,True
32.39475,117.014012,-90.0,top,R11,,R_0805_2012Metric,1K,smt,True
75.438,25.4,0.0,top,R110,,R_0603_1608Metric,270R,smt,True
75.438,22.86,0.0,top,R111,,R_0603_1608Metric,270R,smt,True
75.438,20.32,0.0,top,R112,,R_0603_1608Metric,270R,smt,True
75.438,17.78,0.0,top,R113,,R_0603_1608Metric,270R,smt,True
75.438,15.24,0.0,top,R114,,R_0603_1608Metric,270R,smt,True
75.438,12.7,0.0,top,R115,,R_0603_1608Metric,270R,smt,True
75.438,10.16,0.0,top,R116,,R_0603_1608Metric,270R,smt,True
75.438,7.62,0.0,top,R117,,R_0603_1608Metric,270R,smt,True
75.438,5.08,0.0,top,R118,,R_0603_1608Metric,270R,smt,True
75.438,2.54,0.0,top,R119,,R_0603_1608Metric,270R,smt,True
38.74475,132.254012,-90.0,top,R12,,R_0805_2012Metric,1K,smt,True
75.438,30.48,0.0,top,R120,,R_0603_1608Metric,270R,smt,True
95.758,27.94,0.0,top,R121,,R_0603_1608Metric,270R,smt,True
95.758,25.4,0.0,top,R122,,R_0603_1608Metric,270R,smt,True
95.758,22.86,0.0,top,R123,,R_0603_1608Metric,270R,smt,True
95.758,20.32,0.0,top,R124,,R_0603_1608Metric,270R,smt,True
95.758,17.78,0.0,top,R125,,R_0603_1608Metric,270R,smt,True
95.758,15.24,0.0,top,R126,,R_0603_1608Metric,270R,smt,True
95.758,12.7,0.0,top,R127,,R_0603_1608Metric,270R,smt,True
95.758,10.16,0.0,top,R128,,R_0603_1608Metric,270R,smt,True
95.758,7.62,0.0,top,R129,,R_0603_1608Metric,270R,smt,True
38.74475,117.014012,-90.0,top,R13,,R_0805_2012Metric,1K,smt,True
95.758,5.08,0.0,top,R130,,R_0603_1608Metric,270R,smt,True
95.758,2.54,0.0,top,R131,,R_0603_1608Metric,270R,smt,True
95.758,30.48,0.0,top,R132,,R_0603_1608Metric,270R,smt,True
116.078,27.94,0.0,top,R133,,R_0603_1608Metric,270R,smt,True
116.078,25.4,0.0,top,R134,,R_0603_1608Metric,270R,smt,True
116.078,22.86,0.0,top,R135,,R_0603_1608Metric,270R,smt,True
116.078,20.32,0.0,top,R136,,R_0603_1608Metric,270R,smt,True
116.078,17.78,0.0,top,R137,,R_0603_1608Metric,270R,smt,True
116.078,15.24,0.0,top,R138,,R_0603_1608Metric,270R,smt,True
116.078,12.7,0.0,top,R139,,R_0603_1608Metric,270R,smt,True
45.09475,132.254012,-90.0,top,R14,,R_0805_2012Metric,1K,smt,True
116.078,10.16,0.0,top,R140,,R_0603_1608Metric,270R,smt,True
116.078,7.62,0.0,top,R141,,R_0603_1608Metric,270R,smt,True
116.078,5.08,0.0,top,R142,,R_0603_1608Metric,270R,smt,True
116.078,2.54,0.0,top,R143,,R_0603_1608Metric,270R,smt,True
116.078,30.48,0.0,top,R144,,R_0603_1608Metric,270R,smt,True
29.85475,143.684012,-90.0,top,R145,,R_0603_1608Metric,5K1,smt,True
38.735,71.12,-90.0,top,R147,,R_0603_1608Metric,22R,smt,True
42.291,71.12,-90.0,top,R148,,R_0603_1608Metric,51R,smt,True
45.09475,117.014012,-90.0,top,R15,,R_0805_2012Metric,1K,smt,True
87.00475,143.684012,-90.0,top,R150,,R_0603_1608Metric,5K1,smt,True
51.44475,132.254012,-90.0,top,R16,,R_0805_2012Metric,1K,smt,True
51.44475,117.014012,-90.0,top,R17,,R_0805_2012Metric,1K,smt,True
57.79475,132.254012,-90.0,top,R18,,R_0805_2012Metric,1K,smt,True
57.79475,117.014012,-90.0,top,R19,,R_0805_2012Metric,1K,smt,True
139.255,112.903,90.0,top,R2,,R_0402_1005Metric,470k,smt,True
64.14475,132.254012,-90.0,top,R20,,R_0805_2012Metric,1K,smt,True
64.14475,117.014012,-90.0,top,R21,,R_0805_2012Metric,1K,smt,True
70.49475,132.254012,-90.0,top,R22,,R_0805_2012Metric,1K,smt,True
70.49475,117.014012,-90.0,top,R23,,R_0805_2012Metric,1K,smt,True
76.84475,132.254012,-90.0,top,R24,,R_0805_2012Metric,1K,smt,True
76.84475,117.014012,-90.0,top,R25,,R_0805_2012Metric,1K,smt,True
83.19475,132.254012,-90.0,top,R26,,R_0805_2012Metric,1K,smt,True
83.194749,117.014012,-90.0,top,R27,,R_0805_2012Metric,1K,smt,True
95.89475,132.254012,-90.0,top,R28,,R_0805_2012Metric,1K,smt,True
95.894749,117.014012,-90.0,top,R29,,R_0805_2012Metric,1K,smt,True
133.667,113.284,-90.0,top,R3,,R_0402_1005Metric,82k,smt,True
102.24475,132.254012,-90.0,top,R30,,R_0805_2012Metric,1K,smt,True
102.244749,117.014012,-90.0,top,R31,,R_0805_2012Metric,1K,smt,True
108.59475,132.254012,-90.0,top,R32,,R_0805_2012Metric,1K,smt,True
108.594749,117.014012,-90.0,top,R33,,R_0805_2012Metric,1K,smt,True
89.54475,132.254012,-90.0,top,R34,,R_0805_2012Metric,1K,smt,True
89.544749,117.014012,-90.0,top,R35,,R_0805_2012Metric,1K,smt,True
10.033,71.12,-90.0,top,R36,,R_0603_1608Metric,6k8,smt,True
133.985,142.427,-90.0,top,R37,,R_0402_1005Metric,220K,smt,True
132.08,142.621,180.0,top,R38,,R_0402_1005Metric,976K,smt,True
125.476,137.541,180.0,top,R39,,R_0402_1005Metric,0R,smt,True
132.651,113.284,90.0,top,R4,,R_0402_1005Metric,430k,smt,True
113.792,35.56,-90.0,top,R40,,R_0805_2012Metric,1K,smt,True
110.49,35.56,-90.0,top,R41,,R_0805_2012Metric,2K,smt,True
113.792,40.64,-90.0,top,R42,,R_0805_2012Metric,1K,smt,True
110.49,40.64,-90.0,top,R43,,R_0805_2012Metric,2K,smt,True
113.792,45.72,-90.0,top,R44,,R_0805_2012Metric,1K,smt,True
110.49,45.72,-90.0,top,R45,,R_0805_2012Metric,2K,smt,True
113.792,50.8,-90.0,top,R46,,R_0805_2012Metric,1K,smt,True
110.49,50.8,-90.0,top,R47,,R_0805_2012Metric,2K,smt,True
10.033,63.754,-90.0,top,R48,,R_0603_1608Metric,330k,smt,True
4.953,59.309,0.0,top,R49,,R_0603_1608Metric,2k7,smt,True
123.634,118.745,180.0,top,R5,,R_0402_1005Metric,0R,smt,True
13.843,59.309,180.0,top,R50,,R_0603_1608Metric,2k7,smt,True
5.969,56.769,-90.0,top,R51,,R_0603_1608Metric,5k1,smt,True
12.446,56.769,-90.0,top,R52,,R_0603_1608Metric,5k1,smt,True
40.513,71.12,-90.0,top,R53,,R_0603_1608Metric,6k8,smt,True
40.513,63.754,-90.0,top,R54,,R_0603_1608Metric,330k,smt,True
35.433,59.309,0.0,top,R55,,R_0603_1608Metric,2k7,smt,True
44.323,59.309,180.0,top,R56,,R_0603_1608Metric,2k7,smt,True
34.798,27.94,0.0,top,R57,,R_0603_1608Metric,270R,smt,True
14.478,27.94,0.0,top,R58,,R_0603_1608Metric,270R,smt,True
14.478,25.4,0.0,top,R59,,R_0603_1608Metric,270R,smt,True
19.69475,132.254012,-90.0,top,R6,,R_0805_2012Metric,1K,smt,True
36.449,56.769,-90.0,top,R60,,R_0603_1608Metric,5k1,smt,True
14.478,22.86,0.0,top,R61,,R_0603_1608Metric,270R,smt,True
135.636,77.724,90.0,top,R62,,R_0805_2012Metric,1K,smt,True
137.287,80.899,90.0,top,R63,,R_0402_1005Metric,100K,smt,True
131.572,82.296,90.0,top,R64,,R_0805_2012Metric,1K,smt,True
133.35,85.725,-90.0,top,R65,,R_0402_1005Metric,100K,smt,True
42.926,56.769,-90.0,top,R66,,R_0603_1608Metric,5k1,smt,True
25.273,71.12,-90.0,top,R67,,R_0603_1608Metric,6k8,smt,True
8.255,71.12,-90.0,top,R68,,R_0603_1608Metric,22R,smt,True
11.811,71.12,-90.0,top,R69,,R_0603_1608Metric,22R,smt,True
19.69475,117.014012,-90.0,top,R7,,R_0805_2012Metric,1K,smt,True
14.478,20.32,0.0,top,R70,,R_0603_1608Metric,270R,smt,True
14.478,17.78,0.0,top,R71,,R_0603_1608Metric,270R,smt,True
25.273,63.754,-90.0,top,R72,,R_0603_1608Metric,330k,smt,True
20.193,59.309,0.0,top,R73,,R_0603_1608Metric,2k7,smt,True
29.083,59.309,180.0,top,R74,,R_0603_1608Metric,2k7,smt,True
21.209,56.769,-90.0,top,R75,,R_0603_1608Metric,5k1,smt,True
27.686,56.769,-90.0,top,R76,,R_0603_1608Metric,5k1,smt,True
23.495,71.12,-90.0,top,R77,,R_0603_1608Metric,22R,smt,True
27.051,71.12,-90.0,top,R78,,R_0603_1608Metric,22R,smt,True
14.478,15.24,0.0,top,R79,,R_0603_1608Metric,270R,smt,True
26.04475,132.254012,-90.0,top,R8,,R_0805_2012Metric,1K,smt,True
14.478,12.7,0.0,top,R80,,R_0603_1608Metric,270R,smt,True
14.478,10.16,0.0,top,R81,,R_0603_1608Metric,270R,smt,True
14.478,7.62,0.0,top,R82,,R_0603_1608Metric,270R,smt,True
14.478,5.08,0.0,top,R83,,R_0603_1608Metric,270R,smt,True
14.478,2.54,0.0,top,R84,,R_0603_1608Metric,270R,smt,True
14.478,30.48,0.0,top,R85,,R_0603_1608Metric,270R,smt,True
34.798,25.4,0.0,top,R86,,R_0603_1608Metric,270R,smt,True
34.798,22.86,0.0,top,R87,,R_0603_1608Metric,270R,smt,True
34.798,20.32,0.0,top,R88,,R_0603_1608Metric,270R,smt,True
34.798,17.78,0.0,top,R89,,R_0603_1608Metric,270R,smt,True
26.04475,117.014012,-90.0,top,R9,,R_0805_2012Metric,1K,smt,True
34.798,15.24,0.0,top,R90,,R_0603_1608Metric,270R,smt,True
34.798,12.7,0.0,top,R91,,R_0603_1608Metric,270R,smt,True
34.798,10.16,0.0,top,R92,,R_0603_1608Metric,270R,smt,True
34.798,7.62,0.0,top,R93,,R_0603_1608Metric,270R,smt,True
34.798,5.08,0.0,top,R94,,R_0603_1608Metric,270R,smt,True
34.798,2.54,0.0,top,R95,,R_0603_1608Metric,270R,smt,True
34.798,30.48,0.0,top,R96,,R_0603_1608Metric,270R,smt,True
55.118,27.94,0.0,top,R97,,R_0603_1608Metric,270R,smt,True
55.118,25.4,0.0,top,R98,,R_0603_1608Metric,270R,smt,True
55.118,22.86,0.0,top,R99,,R_0603_1608Metric,270R,smt,True
120.944,86.502,0.0,top,RV1,,RV_Disc_D9mm_W3.5mm_P5mm,MOV-07D220K,tht,True
10.12,34.59,90.0,top,RV10,,Potentiometer_Bourns_PTV09A-1_Single_Vertical,2K,tht,True
25.36,34.59,90.0,top,RV11,,Potentiometer_Bourns_PTV09A-1_Single_Vertical,2K,tht,True
40.6,34.59,90.0,top,RV12,,Potentiometer_Bourns_PTV09A-1_Single_Vertical,2K,tht,True
55.84,34.59,90.0,top,RV13,,Potentiometer_Bourns_PTV09A-1_Single_Vertical,2K,tht,True
71.08,34.59,90.0,top,RV14,,Potentiometer_Bourns_PTV09A-1_Single_Vertical,2K,tht,True
86.32,34.59,90.0,top,RV15,,Potentiometer_Bourns_PTV09A-1_Single_Vertical,2K,tht,True
101.56,34.59,90.0,top,RV16,,Potentiometer_Bourns_PTV09A-1_Single_Vertical,2K,tht,True
106.64,75.23,90.0,top,RV2,,Potentiometer_Bourns_PTV09A-1_Single_Vertical,2K,tht,True
91.4,75.23,90.0,top,RV3,,Potentiometer_Bourns_PTV09A-1_Single_Vertical,2K,tht,True
76.16,75.23,90.0,top,RV4,,Potentiometer_Bourns_PTV09A-1_Single_Vertical,2K,tht,True
60.92,75.23,90.0,top,RV5,,Potentiometer_Bourns_PTV09A-1_Single_Vertical,2K,tht,True
132.04,4.11,90.0,top,RV6,,Potentiometer_Bourns_PTV09A-1_Single_Vertical,2K,tht,True
132.04,19.35,90.0,top,RV7,,Potentiometer_Bourns_PTV09A-1_Single_Vertical,2K,tht,True
132.04,34.59,90.0,top,RV8,,Potentiometer_Bourns_PTV09A-1_Single_Vertical,2K,tht,True
132.04,49.83,90.0,top,RV9,,Potentiometer_Bourns_PTV09A-1_Single_Vertical,2K,tht,True
2.54,30.48,0.0,top,SW1,,DIP-24_W7.62mm_LongPads,SW_DIP_x12,tht,True
22.86,30.48,0.0,top,SW2,,DIP-24_W7.62mm_LongPads,SW_DIP_x12,tht,True
43.18,30.48,0.0,top,SW3,,DIP-24_W7.62mm_LongPads,SW_DIP_x12,tht,True
63.5,30.48,0.0,top,SW4,,DIP-24_W7.62mm_LongPads,SW_DIP_x12,tht,True
83.82,30.48,0.0,top,SW5,,DIP-24_W7.62mm_LongPads,SW_DIP_x12,tht,True
104.14,30.48,0.0,top,SW6,,DIP-24_W7.62mm_LongPads,SW_DIP_x12,tht,True
90.81975,137.344012,90.0,top,SW7,,DIP-10_W7.62mm,SW_DIP_x05,tht,True
33.66975,137.344012,90.0,top,SW8,,DIP-20_W7.62mm,SW_DIP_x10,tht,True
140.716,96.012,0.0,top,TP1,,PinHeader_1x01_P2.54mm_Vertical,TestPoint,tht,True
18.42475,124.634012,-90.0,top,U1,,SMDIP-4_W7.62mm,SFH617A-2X009T,smt,True
75.57475,124.634012,-90.0,top,U10,,SMDIP-4_W7.62mm,SFH617A-2X009T,smt,True
81.92475,124.634012,-90.0,top,U11,,SMDIP-4_W7.62mm,SFH617A-2X009T,smt,True
94.62475,124.634012,-90.0,top,U12,,SMDIP-4_W7.62mm,SFH617A-2X009T,smt,True
100.97475,124.634012,-90.0,top,U13,,SMDIP-4_W7.62mm,SFH617A-2X009T,smt,True
107.32475,124.634012,-90.0,top,U14,,SMDIP-4_W7.62mm,SFH617A-2X009T,smt,True
88.27475,124.634012,-90.0,top,U15,,SMDIP-4_W7.62mm,SFH617A-2X009T,smt,True
2.95656,82.55,90.0,top,U16,,ESP32-DevKitC,ESP32-DevKitC,tht,True
24.77475,124.634012,-90.0,top,U2,,SMDIP-4_W7.62mm,SFH617A-2X009T,smt,True
31.12475,124.634012,-90.0,top,U3,,SMDIP-4_W7.62mm,SFH617A-2X009T,smt,True
37.47475,124.634012,-90.0,top,U4,,SMDIP-4_W7.62mm,SFH617A-2X009T,smt,True
43.82475,124.634012,-90.0,top,U5,,SMDIP-4_W7.62mm,SFH617A-2X009T,smt,True
50.17475,124.634012,-90.0,top,U6,,SMDIP-4_W7.62mm,SFH617A-2X009T,smt,True
56.52475,124.634012,-90.0,top,U7,,SMDIP-4_W7.62mm,SFH617A-2X009T,smt,True
62.87475,124.634012,-90.0,top,U8,,SMDIP-4_W7.62mm,SFH617A-2X009T,smt,True
69.22475,124.634012,-90.0,top,U9,,SMDIP-4_W7.62mm,SFH617A-2X009T,smt,True
