[{"pos_x": 117.856, "pos_y": 119.38, "rotation": -90.0, "side": "top", "designator": "JP1", "mpn": null, "pack": "TestPoint_2Pads_Pitch2.54mm_Drill0.8mm", "value": "Jumper_2_Bridged", "mount_type": "tht", "place": true}, {"pos_x": 110.49, "pos_y": 40.64, "rotation": -90.0, "side": "top", "designator": "R43", "mpn": null, "pack": "R_0805_2012Metric", "value": "2K", "mount_type": "smt", "place": true}, {"pos_x": 69.85, "pos_y": 91.403, "rotation": 90.0, "side": "top", "designator": "JP14", "mpn": null, "pack": "SolderJumper-2_P1.3mm_Open_TrianglePad1.0x1.5mm", "value": "SolderJumper_2_Open", "mount_type": "tht", "place": true}, {"pos_x": 104.27675, "pos_y": 111.443012, "rotation": 90.0, "side": "top", "designator": "JP12", "mpn": null, "pack": "SolderJumper-2_P1.3mm_Open_TrianglePad1.0x1.5mm", "value": "SolderJumper_2_Open", "mount_type": "tht", "place": true}, {"pos_x": 17.78, "pos_y": 67.755, "rotation": -90.0, "side": "top", "designator": "R77", "mpn": null, "pack": "R_0603_1608Metric", "value": "22R", "mount_type": "smt", "place": true}, {"pos_x": 34.798, "pos_y": 20.32, "rotation": 0.0, "side": "top", "designator": "R88", "mpn": null, "pack": "R_0603_1608Metric", "value": "270R", "mount_type": "smt", "place": true}, {"pos_x": 33.02, "pos_y": 67.755, "rotation": -90.0, "side": "top", "designator": "R147", "mpn": null, "pack": "R_0603_1608Metric", "value": "22R", "mount_type": "smt", "place": true}, {"pos_x": 116.84, "pos_y": 50.8, "rotation": -90.0, "side": "top", "designator": "C31", "mpn": null, "pack": "C_0603_1608Metric", "value": "0.1uF 50V", "mount_type": "smt", "place": true}, {"pos_x": 120.65, "pos_y": 117.311, "rotation": -90.0, "side": "top", "designator": "JP2", "mpn": null, "pack": "SolderJumper-2_P1.3mm_Open_TrianglePad1.0x1.5mm", "value": "SolderJumper_2_Open", "mount_type": "tht", "place": true}, {"pos_x": 116.078, "pos_y": 22.86, "rotation": 0.0, "side": "top", "designator": "R135", "mpn": null, "pack": "R_0603_1608Metric", "value": "270R", "mount_type": "smt", "place": true}, {"pos_x": 108.59475, "pos_y": 109.648012, "rotation": 90.0, "side": "top", "designator": "JP11", "mpn": null, "pack": "TestPoint_2Pads_Pitch2.54mm_Drill0.8mm", "value": "Jumper_2_Bridged", "mount_type": "tht", "place": true}, {"pos_x": 63.5, "pos_y": 30.48, "rotation": 0.0, "side": "top", "designator": "SW4", "mpn": null, "pack": "DIP-24_W7.62mm_LongPads", "value": "SW_DIP_x12", "mount_type": "tht", "place": true}, {"pos_x": 57.79475, "pos_y": 117.014012, "rotation": -90.0, "side": "top", "designator": "R19", "mpn": null, "pack": "R_0805_2012Metric", "value": "1K", "mount_type": "smt", "place": true}, {"pos_x": 116.078, "pos_y": 15.24, "rotation": 0.0, "side": "top", "designator": "R138", "mpn": null, "pack": "R_0603_1608Metric", "value": "270R", "mount_type": "smt", "place": true}, {"pos_x": 95.758, "pos_y": 17.78, "rotation": 0.0, "side": "top", "designator": "R125", "mpn": null, "pack": "R_0603_1608Metric", "value": "270R", "mount_type": "smt", "place": true}, {"pos_x": 70.49475, "pos_y": 132.254012, "rotation": -90.0, "side": "top", "designator": "R22", "mpn": null, "pack": "R_0805_2012Metric", "value": "1K", "mount_type": "smt", "place": true}, {"pos_x": 141.372336, "pos_y": 140.229, "rotation": 90.0, "side": "top", "designator": "C19", "mpn": null, "pack": "C_0603_1608Metric", "value": "10uF 25V", "mount_type": "smt", "place": true}, {"pos_x": 134.727836, "pos_y": 139.492, "rotation": 180.0, "side": "top", "designator": "IC4", "mpn": null, "pack": "MP2322GQHZ", "value": "MP2322GQH-Z", "mount_type": "smt", "place": true}, {"pos_x": 130.797, "pos_y": 96.266, "rotation": 180.0, "side": "top", "designator": "C36", "mpn": null, "pack": "C_0603_1608Metric", "value": "1uF", "mount_type": "smt", "place": true}, {"pos_x": 7.874, "pos_y": 56.642, "rotation": -90.0, "side": "top", "designator": "R76", "mpn": null, "pack": "R_0603_1608Metric", "value": "5K1", "mount_type": "smt", "place": true}, {"pos_x": 127.401836, "pos_y": 142.438, "rotation": 90.0, "side": "top", "designator": "C23", "mpn": null, "pack": "C_0603_1608Metric", "value": "10uF 25V", "mount_type": "smt", "place": true}, {"pos_x": 38.74475, "pos_y": 117.014012, "rotation": -90.0, "side": "top", "designator": "R13", "mpn": null, "pack": "R_0805_2012Metric", "value": "1K", "mount_type": "smt", "place": true}, {"pos_x": 25.31975, "pos_y": 143.684012, "rotation": 180.0, "side": "top", "designator": "JP18", "mpn": null, "pack": "SolderJumper-2_P1.3mm_Open_TrianglePad1.0x1.5mm", "value": "SolderJumper_2_Open", "mount_type": "tht", "place": true}, {"pos_x": 22.352, "pos_y": 59.182, "rotation": 0.0, "side": "top", "designator": "R50", "mpn": null, "pack": "R_0603_1608Metric", "value": "2K7", "mount_type": "smt", "place": true}, {"pos_x": 116.078, "pos_y": 25.4, "rotation": 0.0, "side": "top", "designator": "R134", "mpn": null, "pack": "R_0603_1608Metric", "value": "270R", "mount_type": "smt", "place": true}, {"pos_x": 34.798, "pos_y": 17.78, "rotation": 0.0, "side": "top", "designator": "R89", "mpn": null, "pack": "R_0603_1608Metric", "value": "270R", "mount_type": "smt", "place": true}, {"pos_x": 86.32, "pos_y": 34.59, "rotation": 90.0, "side": "top", "designator": "RV15", "mpn": null, "pack": "Potentiometer_Bourns_PTV09A-1_Single_Vertical", "value": "2K", "mount_type": "tht", "place": true}, {"pos_x": 108.966, "pos_y": 68.326, "rotation": 90.0, "side": "top", "designator": "C1", "mpn": null, "pack": "C_0603_1608Metric", "value": "0.1uF 50V", "mount_type": "smt", "place": true}, {"pos_x": 26.04475, "pos_y": 117.014012, "rotation": -90.0, "side": "top", "designator": "R9", "mpn": null, "pack": "R_0805_2012Metric", "value": "1K", "mount_type": "smt", "place": true}, {"pos_x": 95.894749, "pos_y": 117.014012, "rotation": -90.0, "side": "top", "designator": "R29", "mpn": null, "pack": "R_0805_2012Metric", "value": "1K", "mount_type": "smt", "place": true}, {"pos_x": 60.33475, "pos_y": 138.604012, "rotation": 0.0, "side": "top", "designator": "JP19", "mpn": null, "pack": "TestPoint_2Pads_Pitch2.54mm_Drill0.8mm", "value": "Jumper_2_Bridged", "mount_type": "tht", "place": true}, {"pos_x": 27.178, "pos_y": 71.12, "rotation": 90.0, "side": "top", "designator": "C15", "mpn": null, "pack": "C_0603_1608Metric", "value": "0.1uF 50V", "mount_type": "smt", "place": true}, {"pos_x": 107.188, "pos_y": 68.326, "rotation": -90.0, "side": "top", "designator": "C2", "mpn": null, "pack": "C_0603_1608Metric", "value": "0.1uF 50V", "mount_type": "smt", "place": true}, {"pos_x": 55.118, "pos_y": 2.54, "rotation": 0.0, "side": "top", "designator": "R107", "mpn": null, "pack": "R_0603_1608Metric", "value": "270R", "mount_type": "smt", "place": true}, {"pos_x": 116.078, "pos_y": 30.48, "rotation": 0.0, "side": "top", "designator": "R144", "mpn": null, "pack": "R_0603_1608Metric", "value": "270R", "mount_type": "smt", "place": true}, {"pos_x": 10.16, "pos_y": 71.12, "rotation": -90.0, "side": "top", "designator": "R72", "mpn": null, "pack": "R_0603_1608Metric", "value": "6K8", "mount_type": "smt", "place": true}, {"pos_x": 14.478, "pos_y": 22.86, "rotation": 0.0, "side": "top", "designator": "R61", "mpn": null, "pack": "R_0603_1608Metric", "value": "270R", "mount_type": "smt", "place": true}, {"pos_x": 135.89, "pos_y": 130.265, "rotation": 90.0, "side": "top", "designator": "JP8", "mpn": null, "pack": "SolderJumper-2_P1.3mm_Open_TrianglePad1.0x1.5mm", "value": "SolderJumper_2_Open", "mount_type": "tht", "place": true}, {"pos_x": 11.938, "pos_y": 71.12, "rotation": 90.0, "side": "top", "designator": "C41", "mpn": null, "pack": "C_0603_1608Metric", "value": "0.1uF 50V", "mount_type": "smt", "place": true}, {"pos_x": 90.81975, "pos_y": 137.344012, "rotation": 90.0, "side": "top", "designator": "SW7", "mpn": null, "pack": "DIP-10_W7.62mm", "value": "SW_DIP_x05", "mount_type": "tht", "place": true}, {"pos_x": 6.35, "pos_y": 71.12, "rotation": -90.0, "side": "top", "designator": "C13", "mpn": null, "pack": "C_0603_1608Metric", "value": "0.1uF 50V", "mount_type": "smt", "place": true}, {"pos_x": 126.936, "pos_y": 115.57, "rotation": -90.0, "side": "top", "designator": "C7", "mpn": null, "pack": "C_0805_2012Metric", "value": "22uF 16V", "mount_type": "smt", "place": true}, {"pos_x": 134.62, "pos_y": 81.28, "rotation": 180.0, "side": "top", "designator": "Q1", "mpn": null, "pack": "SOT-23", "value": "2N7002", "mount_type": "smt", "place": true}, {"pos_x": 19.69475, "pos_y": 132.254012, "rotation": -90.0, "side": "top", "designator": "R6", "mpn": null, "pack": "R_0805_2012Metric", "value": "1K", "mount_type": "smt", "place": true}, {"pos_x": 75.438, "pos_y": 15.24, "rotation": 0.0, "side": "top", "designator": "R114", "mpn": null, "pack": "R_0603_1608Metric", "value": "270R", "mount_type": "smt", "place": true}, {"pos_x": 7.112, "pos_y": 59.182, "rotation": 0.0, "side": "top", "designator": "R74", "mpn": null, "pack": "R_0603_1608Metric", "value": "2K7", "mount_type": "smt", "place": true}, {"pos_x": 95.758, "pos_y": 5.08, "rotation": 0.0, "side": "top", "designator": "R130", "mpn": null, "pack": "R_0603_1608Metric", "value": "270R", "mount_type": "smt", "place": true}, {"pos_x": 116.078, "pos_y": 20.32, "rotation": 0.0, "side": "top", "designator": "R136", "mpn": null, "pack": "R_0603_1608Metric", "value": "270R", "mount_type": "smt", "place": true}, {"pos_x": 22.86, "pos_y": 30.48, "rotation": 0.0, "side": "top", "designator": "SW2", "mpn": null, "pack": "DIP-24_W7.62mm_LongPads", "value": "SW_DIP_x12", "mount_type": "tht", "place": true}, {"pos_x": 95.758, "pos_y": 12.7, "rotation": 0.0, "side": "top", "designator": "R127", "mpn": null, "pack": "R_0603_1608Metric", "value": "270R", "mount_type": "smt", "place": true}, {"pos_x": 32.39475, "pos_y": 132.254012, "rotation": -90.0, "side": "top", "designator": "R10", "mpn": null, "pack": "R_0805_2012Metric", "value": "1K", "mount_type": "smt", "place": true}, {"pos_x": 64.14475, "pos_y": 117.014012, "rotation": -90.0, "side": "top", "designator": "R21", "mpn": null, "pack": "R_0805_2012Metric", "value": "1K", "mount_type": "smt", "place": true}, {"pos_x": 2.54, "pos_y": 30.48, "rotation": 0.0, "side": "top", "designator": "SW1", "mpn": null, "pack": "DIP-24_W7.62mm_LongPads", "value": "SW_DIP_x12", "mount_type": "tht", "place": true}, {"pos_x": 131.592836, "pos_y": 140.647, "rotation": 180.0, "side": "top", "designator": "R38", "mpn": null, "pack": "R_0402_1005Metric", "value": "976K", "mount_type": "smt", "place": true}, {"pos_x": 113.792, "pos_y": 40.64, "rotation": -90.0, "side": "top", "designator": "R42", "mpn": null, "pack": "R_0805_2012Metric", "value": "1K", "mount_type": "smt", "place": true}, {"pos_x": 14.478, "pos_y": 17.78, "rotation": 0.0, "side": "top", "designator": "R71", "mpn": null, "pack": "R_0603_1608Metric", "value": "270R", "mount_type": "smt", "place": true}, {"pos_x": 110.49, "pos_y": 45.72, "rotation": -90.0, "side": "top", "designator": "R45", "mpn": null, "pack": "R_0805_2012Metric", "value": "2K", "mount_type": "smt", "place": true}, {"pos_x": 62.87475, "pos_y": 124.634012, "rotation": -90.0, "side": "top", "designator": "U8", "mpn": null, "pack": "SMDIP-4_W7.62mm", "value": "SFH617A-2X009T", "mount_type": "smt", "place": true}, {"pos_x": 55.118, "pos_y": 27.94, "rotation": 0.0, "side": "top", "designator": "R97", "mpn": null, "pack": "R_0603_1608Metric", "value": "270R", "mount_type": "smt", "place": true}, {"pos_x": 51.44475, "pos_y": 132.254012, "rotation": -90.0, "side": "top", "designator": "R16", "mpn": null, "pack": "R_0805_2012Metric", "value": "1K", "mount_type": "smt", "place": true}, {"pos_x": 138.176, "pos_y": 101.637, "rotation": 90.0, "side": "top", "designator": "JP6", "mpn": null, "pack": "SolderJumper-2_P1.3mm_Open_TrianglePad1.0x1.5mm", "value": "SolderJumper_2_Open", "mount_type": "tht", "place": true}, {"pos_x": 104.14, "pos_y": 30.48, "rotation": 0.0, "side": "top", "designator": "SW6", "mpn": null, "pack": "DIP-24_W7.62mm_LongPads", "value": "SW_DIP_x12", "mount_type": "tht", "place": true}, {"pos_x": 70.49475, "pos_y": 117.014012, "rotation": -90.0, "side": "top", "designator": "R23", "mpn": null, "pack": "R_0805_2012Metric", "value": "1K", "mount_type": "smt", "place": true}, {"pos_x": 34.798, "pos_y": 2.54, "rotation": 0.0, "side": "top", "designator": "R95", "mpn": null, "pack": "R_0603_1608Metric", "value": "270R", "mount_type": "smt", "place": true}, {"pos_x": 133.497836, "pos_y": 142.427, "rotation": -90.0, "side": "top", "designator": "R37", "mpn": null, "pack": "R_0402_1005Metric", "value": "220K", "mount_type": "smt", "place": true}, {"pos_x": 140.965, "pos_y": 46.99, "rotation": 0.0, "side": "top", "designator": "GND_1", "mpn": null, "pack": "PinHeader_2x04_P2.54mm_Vertical", "value": "Conn_02x04_Counter_Clockwise", "mount_type": "tht", "place": true}, {"pos_x": 57.912, "pos_y": 99.568, "rotation": 180.0, "side": "top", "designator": "JP25", "mpn": null, "pack": "TestPoint_2Pads_Pitch2.54mm_Drill0.8mm", "value": "Jumper_2_Bridged", "mount_type": "tht", "place": true}, {"pos_x": 130.81, "pos_y": 94.488, "rotation": 0.0, "side": "top", "designator": "C35", "mpn": null, "pack": "C_0603_1608Metric", "value": "0.1uF 50V", "mount_type": "smt", "place": true}, {"pos_x": 130.556, "pos_y": 86.106, "rotation": 180.0, "side": "top", "designator": "Q2", "mpn": null, "pack": "SOT-23", "value": "PJA3441", "mount_type": "smt", "place": true}, {"pos_x": 34.544, "pos_y": 56.134, "rotation": 90.0, "side": "top", "designator": "D5", "mpn": null, "pack": "D_SOD-123F", "value": "PMEG3010EH", "mount_type": "smt", "place": true}, {"pos_x": 43.18, "pos_y": 30.48, "rotation": 0.0, "side": "top", "designator": "SW3", "mpn": null, "pack": "DIP-24_W7.62mm_LongPads", "value": "SW_DIP_x12", "mount_type": "tht", "place": true}, {"pos_x": 110.49, "pos_y": 35.56, "rotation": -90.0, "side": "top", "designator": "R41", "mpn": null, "pack": "R_0805_2012Metric", "value": "2K", "mount_type": "smt", "place": true}, {"pos_x": 43.82475, "pos_y": 124.634012, "rotation": -90.0, "side": "top", "designator": "U5", "mpn": null, "pack": "SMDIP-4_W7.62mm", "value": "SFH617A-2X009T", "mount_type": "smt", "place": true}, {"pos_x": 133.35, "pos_y": 85.725, "rotation": -90.0, "side": "top", "designator": "R65", "mpn": null, "pack": "R_0402_1005Metric", "value": "100K", "mount_type": "smt", "place": true}, {"pos_x": 124.46, "pos_y": 107.566, "rotation": -90.0, "side": "top", "designator": "F1", "mpn": null, "pack": "Fuse_1210_3225Metric", "value": "Polyfuse", "mount_type": "smt", "place": true}, {"pos_x": 37.592, "pos_y": 59.182, "rotation": 0.0, "side": "top", "designator": "R56", "mpn": null, "pack": "R_0603_1608Metric", "value": "2K7", "mount_type": "smt", "place": true}, {"pos_x": 55.118, "pos_y": 12.7, "rotation": 0.0, "side": "top", "designator": "R103", "mpn": null, "pack": "R_0603_1608Metric", "value": "270R", "mount_type": "smt", "place": true}, {"pos_x": 25.36, "pos_y": 34.59, "rotation": 90.0, "side": "top", "designator": "RV11", "mpn": null, "pack": "Potentiometer_Bourns_PTV09A-1_Single_Vertical", "value": "2K", "mount_type": "tht", "place": true}, {"pos_x": 29.85475, "pos_y": 143.684012, "rotation": -90.0, "side": "top", "designator": "R145", "mpn": null, "pack": "R_0603_1608Metric", "value": "5K1", "mount_type": "smt", "place": true}, {"pos_x": 76.16, "pos_y": 75.23, "rotation": 90.0, "side": "top", "designator": "RV4", "mpn": null, "pack": "Potentiometer_Bourns_PTV09A-1_Single_Vertical", "value": "2K", "mount_type": "tht", "place": true}, {"pos_x": 44.704, "pos_y": 56.134, "rotation": 90.0, "side": "top", "designator": "D6", "mpn": null, "pack": "D_SOD-123F", "value": "PMEG3010EH", "mount_type": "smt", "place": true}, {"pos_x": 76.84475, "pos_y": 132.254012, "rotation": -90.0, "side": "top", "designator": "R24", "mpn": null, "pack": "R_0805_2012Metric", "value": "1K", "mount_type": "smt", "place": true}, {"pos_x": 29.464, "pos_y": 56.134, "rotation": 90.0, "side": "top", "designator": "D4", "mpn": null, "pack": "D_SOD-123F", "value": "PMEG3010EH", "mount_type": "smt", "place": true}, {"pos_x": 95.758, "pos_y": 25.4, "rotation": 0.0, "side": "top", "designator": "R122", "mpn": null, "pack": "R_0603_1608Metric", "value": "270R", "mount_type": "smt", "place": true}, {"pos_x": 119.888, "pos_y": 35.56, "rotation": -90.0, "side": "top", "designator": "C26", "mpn": null, "pack": "C_0603_1608Metric", "value": "0.1uF 50V", "mount_type": "smt", "place": true}, {"pos_x": 125.73, "pos_y": 68.58, "rotation": 90.0, "side": "top", "designator": "BATT_1", "mpn": null, "pack": "PinHeader_2x04_P2.54mm_Vertical", "value": "Conn_02x04_Counter_Clockwise", "mount_type": "tht", "place": true}, {"pos_x": 140.965, "pos_y": 67.3, "rotation": 0.0, "side": "top", "designator": "12V_1", "mpn": null, "pack": "PinHeader_2x04_P2.54mm_Vertical", "value": "Conn_02x04_Counter_Clockwise", "mount_type": "tht", "place": true}, {"pos_x": 55.118, "pos_y": 10.16, "rotation": 0.0, "side": "top", "designator": "R104", "mpn": null, "pack": "R_0603_1608Metric", "value": "270R", "mount_type": "smt", "place": true}, {"pos_x": 40.6, "pos_y": 34.59, "rotation": 90.0, "side": "top", "designator": "RV12", "mpn": null, "pack": "Potentiometer_Bourns_PTV09A-1_Single_Vertical", "value": "2K", "mount_type": "tht", "place": true}, {"pos_x": 26.04475, "pos_y": 132.254012, "rotation": -90.0, "side": "top", "designator": "R8", "mpn": null, "pack": "R_0805_2012Metric", "value": "1K", "mount_type": "smt", "place": true}, {"pos_x": 14.478, "pos_y": 20.32, "rotation": 0.0, "side": "top", "designator": "R70", "mpn": null, "pack": "R_0603_1608Metric", "value": "270R", "mount_type": "smt", "place": true}, {"pos_x": 29.972, "pos_y": 67.755, "rotation": -90.0, "side": "top", "designator": "R78", "mpn": null, "pack": "R_0603_1608Metric", "value": "22R", "mount_type": "smt", "place": true}, {"pos_x": 136.435, "pos_y": 114.554, "rotation": 90.0, "side": "top", "designator": "PS1", "mpn": null, "pack": "TSOT-23-6", "value": "AP63200WU-7", "mount_type": "smt", "place": true}, {"pos_x": 34.798, "pos_y": 30.48, "rotation": 0.0, "side": "top", "designator": "R96", "mpn": null, "pack": "R_0603_1608Metric", "value": "270R", "mount_type": "smt", "place": true}, {"pos_x": 123.952, "pos_y": 88.646, "rotation": 0.0, "side": "top", "designator": "C33", "mpn": null, "pack": "C_0603_1608Metric", "value": "0.1uF 50V", "mount_type": "smt", "place": true}, {"pos_x": 116.078, "pos_y": 5.08, "rotation": 0.0, "side": "top", "designator": "R142", "mpn": null, "pack": "R_0603_1608Metric", "value": "270R", "mount_type": "smt", "place": true}, {"pos_x": 116.84, "pos_y": 40.64, "rotation": -90.0, "side": "top", "designator": "C27", "mpn": null, "pack": "C_0603_1608Metric", "value": "0.1uF 50V", "mount_type": "smt", "place": true}, {"pos_x": 57.79475, "pos_y": 132.254012, "rotation": -90.0, "side": "top", "designator": "R18", "mpn": null, "pack": "R_0805_2012Metric", "value": "1K", "mount_type": "smt", "place": true}, {"pos_x": 126.385836, "pos_y": 139.123, "rotation": 180.0, "side": "top", "designator": "R39", "mpn": null, "pack": "R_0402_1005Metric", "value": "0R", "mount_type": "smt", "place": true}, {"pos_x": 120.904, "pos_y": 82.434, "rotation": 0.0, "side": "top", "designator": "F2", "mpn": null, "pack": "Fuse_BelFuse_0ZRE0033FF_L11.4mm_W3.8mm", "value": "0ZRB0250FF1E", "mount_type": "tht", "place": true}, {"pos_x": 138.684, "pos_y": 81.153, "rotation": -90.0, "side": "top", "designator": "C34", "mpn": null, "pack": "C_0603_1608Metric", "value": "0.1uF 50V", "mount_type": "smt", "place": true}, {"pos_x": 116.078, "pos_y": 17.78, "rotation": 0.0, "side": "top", "designator": "R137", "mpn": null, "pack": "R_0603_1608Metric", "value": "270R", "mount_type": "smt", "place": true}, {"pos_x": 123.634, "pos_y": 118.745, "rotation": 180.0, "side": "top", "designator": "R5", "mpn": null, "pack": "R_0402_1005Metric", "value": "0R", "mount_type": "smt", "place": true}, {"pos_x": 106.59975, "pos_y": 143.684012, "rotation": 0.0, "side": "top", "designator": "JP24", "mpn": null, "pack": "SolderJumper-2_P1.3mm_Open_TrianglePad1.0x1.5mm", "value": "SolderJumper_2_Open", "mount_type": "tht", "place": true}, {"pos_x": 11.176, "pos_y": 59.182, "rotation": 180.0, "side": "top", "designator": "R75", "mpn": null, "pack": "R_0603_1608Metric", "value": "2K7", "mount_type": "smt", "place": true}, {"pos_x": 137.287, "pos_y": 80.899, "rotation": 90.0, "side": "top", "designator": "R63", "mpn": null, "pack": "R_0402_1005Metric", "value": "100K", "mount_type": "smt", "place": true}, {"pos_x": 14.224, "pos_y": 56.134, "rotation": 90.0, "side": "top", "designator": "D7", "mpn": null, "pack": "D_SOD-123F", "value": "PMEG3010EH", "mount_type": "smt", "place": true}, {"pos_x": 2.54, "pos_y": 67.755, "rotation": -90.0, "side": "top", "designator": "R68", "mpn": null, "pack": "R_0603_1608Metric", "value": "22R", "mount_type": "smt", "place": true}, {"pos_x": 95.758, "pos_y": 10.16, "rotation": 0.0, "side": "top", "designator": "R128", "mpn": null, "pack": "R_0603_1608Metric", "value": "270R", "mount_type": "smt", "place": true}, {"pos_x": 129.648836, "pos_y": 138.234, "rotation": 180.0, "side": "top", "designator": "L2", "mpn": null, "pack": "INDPM2016X100N", "value": "MAKK2016T3R3M", "mount_type": "smt", "place": true}, {"pos_x": 116.078, "pos_y": 7.62, "rotation": 0.0, "side": "top", "designator": "R141", "mpn": null, "pack": "R_0603_1608Metric", "value": "270R", "mount_type": "smt", "place": true}, {"pos_x": 95.758, "pos_y": 2.54, "rotation": 0.0, "side": "top", "designator": "R131", "mpn": null, "pack": "R_0603_1608Metric", "value": "270R", "mount_type": "smt", "place": true}, {"pos_x": 130.81, "pos_y": 88.9, "rotation": 0.0, "side": "top", "designator": "C37", "mpn": null, "pack": "C_0603_1608Metric", "value": "0.1uF 50V", "mount_type": "smt", "place": true}, {"pos_x": 38.354, "pos_y": 56.642, "rotation": -90.0, "side": "top", "designator": "R66", "mpn": null, "pack": "R_0603_1608Metric", "value": "5K1", "mount_type": "smt", "place": true}, {"pos_x": 75.438, "pos_y": 10.16, "rotation": 0.0, "side": "top", "designator": "R116", "mpn": null, "pack": "R_0603_1608Metric", "value": "270R", "mount_type": "smt", "place": true}, {"pos_x": 34.798, "pos_y": 22.86, "rotation": 0.0, "side": "top", "designator": "R87", "mpn": null, "pack": "R_0603_1608Metric", "value": "270R", "mount_type": "smt", "place": true}, {"pos_x": 81.92475, "pos_y": 124.634012, "rotation": -90.0, "side": "top", "designator": "U11", "mpn": null, "pack": "SMDIP-4_W7.62mm", "value": "SFH617A-2X009T", "mount_type": "smt", "place": true}, {"pos_x": 136.461, "pos_y": 109.855, "rotation": 180.0, "side": "top", "designator": "C8", "mpn": null, "pack": "C_0805_2012Metric", "value": "22uF 16V", "mount_type": "smt", "place": true}, {"pos_x": 133.667, "pos_y": 113.284, "rotation": -90.0, "side": "top", "designator": "R3", "mpn": null, "pack": "R_0402_1005Metric", "value": "82k", "mount_type": "smt", "place": true}, {"pos_x": 9.144, "pos_y": 67.31, "rotation": 0.0, "side": "top", "designator": "IC5", "mpn": null, "pack": "SOP65P490X110-8N", "value": "LM358BAIDGKR", "mount_type": "smt", "place": true}, {"pos_x": 14.478, "pos_y": 7.62, "rotation": 0.0, "side": "top", "designator": "R82", "mpn": null, "pack": "R_0603_1608Metric", "value": "270R", "mount_type": "smt", "place": true}, {"pos_x": 55.118, "pos_y": 22.86, "rotation": 0.0, "side": "top", "designator": "R99", "mpn": null, "pack": "R_0603_1608Metric", "value": "270R", "mount_type": "smt", "place": true}, {"pos_x": 105.41, "pos_y": 62.23, "rotation": -90.0, "side": "top", "designator": "IC1", "mpn": null, "pack": "SOIC127P600X175-16N", "value": "CD74HC4050M96", "mount_type": "smt", "place": true}, {"pos_x": 11.938, "pos_y": 62.738, "rotation": -90.0, "side": "top", "designator": "Q8", "mpn": null, "pack": "SOT-23", "value": "DMG2301L", "mount_type": "smt", "place": true}, {"pos_x": 108.966, "pos_y": 56.134, "rotation": -90.0, "side": "top", "designator": "C3", "mpn": null, "pack": "C_0603_1608Metric", "value": "0.1uF 50V", "mount_type": "smt", "place": true}, {"pos_x": 140.97, "pos_y": 129.54, "rotation": 90.0, "side": "top", "designator": "JP7", "mpn": null, "pack": "TestPoint_2Pads_Pitch2.54mm_Drill0.8mm", "value": "Jumper_2_Bridged", "mount_type": "tht", "place": true}, {"pos_x": 69.22475, "pos_y": 124.634012, "rotation": -90.0, "side": "top", "designator": "U9", "mpn": null, "pack": "SMDIP-4_W7.62mm", "value": "SFH617A-2X009T", "mount_type": "smt", "place": true}, {"pos_x": 31.12475, "pos_y": 124.634012, "rotation": -90.0, "side": "top", "designator": "U3", "mpn": null, "pack": "SMDIP-4_W7.62mm", "value": "SFH617A-2X009T", "mount_type": "smt", "place": true}, {"pos_x": 75.57475, "pos_y": 124.634012, "rotation": -90.0, "side": "top", "designator": "U10", "mpn": null, "pack": "SMDIP-4_W7.62mm", "value": "SFH617A-2X009T", "mount_type": "smt", "place": true}, {"pos_x": 121.646, "pos_y": 141.224, "rotation": 180.0, "side": "top", "designator": "JP3", "mpn": null, "pack": "TestPoint_2Pads_Pitch2.54mm_Drill0.8mm", "value": "Jumper_2_Bridged", "mount_type": "tht", "place": true}, {"pos_x": 83.82, "pos_y": 30.48, "rotation": 0.0, "side": "top", "designator": "SW5", "mpn": null, "pack": "DIP-24_W7.62mm_LongPads", "value": "SW_DIP_x12", "mount_type": "tht", "place": true}, {"pos_x": 14.732, "pos_y": 67.755, "rotation": -90.0, "side": "top", "designator": "R69", "mpn": null, "pack": "R_0603_1608Metric", "value": "22R", "mount_type": "smt", "place": true}, {"pos_x": 38.74475, "pos_y": 132.254012, "rotation": -90.0, "side": "top", "designator": "R12", "mpn": null, "pack": "R_0805_2012Metric", "value": "1K", "mount_type": "smt", "place": true}, {"pos_x": 34.798, "pos_y": 5.08, "rotation": 0.0, "side": "top", "designator": "R94", "mpn": null, "pack": "R_0603_1608Metric", "value": "270R", "mount_type": "smt", "place": true}, {"pos_x": 37.47475, "pos_y": 124.634012, "rotation": -90.0, "side": "top", "designator": "U4", "mpn": null, "pack": "SMDIP-4_W7.62mm", "value": "SFH617A-2X009T", "mount_type": "smt", "place": true}, {"pos_x": 132.04, "pos_y": 4.11, "rotation": 90.0, "side": "top", "designator": "RV6", "mpn": null, "pack": "Potentiometer_Bourns_PTV09A-1_Single_Vertical", "value": "2K", "mount_type": "tht", "place": true}, {"pos_x": 14.478, "pos_y": 12.7, "rotation": 0.0, "side": "top", "designator": "R80", "mpn": null, "pack": "R_0603_1608Metric", "value": "270R", "mount_type": "smt", "place": true}, {"pos_x": 82.64975, "pos_y": 143.684012, "rotation": 180.0, "side": "top", "designator": "JP22", "mpn": null, "pack": "SolderJumper-2_P1.3mm_Open_TrianglePad1.0x1.5mm", "value": "SolderJumper_2_Open", "mount_type": "tht", "place": true}, {"pos_x": 132.227836, "pos_y": 138.714, "rotation": -90.0, "side": "top", "designator": "C21", "mpn": null, "pack": "C_0402_1005Metric", "value": "100nF 50V", "mount_type": "smt", "place": true}, {"pos_x": 34.798, "pos_y": 12.7, "rotation": 0.0, "side": "top", "designator": "R91", "mpn": null, "pack": "R_0603_1608Metric", "value": "270R", "mount_type": "smt", "place": true}, {"pos_x": 113.792, "pos_y": 50.8, "rotation": -90.0, "side": "top", "designator": "R46", "mpn": null, "pack": "R_0805_2012Metric", "value": "1K", "mount_type": "smt", "place": true}, {"pos_x": 34.798, "pos_y": 25.4, "rotation": 0.0, "side": "top", "designator": "R86", "mpn": null, "pack": "R_0603_1608Metric", "value": "270R", "mount_type": "smt", "place": true}, {"pos_x": 136.588, "pos_y": 111.633, "rotation": 180.0, "side": "top", "designator": "C9", "mpn": null, "pack": "C_0402_1005Metric", "value": "100nF 50V", "mount_type": "smt", "place": true}, {"pos_x": 75.438, "pos_y": 25.4, "rotation": 0.0, "side": "top", "designator": "R110", "mpn": null, "pack": "R_0603_1608Metric", "value": "270R", "mount_type": "smt", "place": true}, {"pos_x": 119.888, "pos_y": 40.64, "rotation": -90.0, "side": "top", "designator": "C28", "mpn": null, "pack": "C_0603_1608Metric", "value": "0.1uF 50V", "mount_type": "smt", "place": true}, {"pos_x": 56.52475, "pos_y": 124.634012, "rotation": -90.0, "side": "top", "designator": "U7", "mpn": null, "pack": "SMDIP-4_W7.62mm", "value": "SFH617A-2X009T", "mount_type": "smt", "place": true}, {"pos_x": 14.478, "pos_y": 25.4, "rotation": 0.0, "side": "top", "designator": "R59", "mpn": null, "pack": "R_0603_1608Metric", "value": "270R", "mount_type": "smt", "place": true}, {"pos_x": 36.388, "pos_y": 62.738, "rotation": 90.0, "side": "top", "designator": "Q5", "mpn": null, "pack": "SOT-23", "value": "DMG2301L", "mount_type": "smt", "place": true}, {"pos_x": 68.34775, "pos_y": 108.372012, "rotation": -90.0, "side": "top", "designator": "IC3", "mpn": null, "pack": "74HC4067BQQ100J", "value": "74HC4067BQ-Q100J", "mount_type": "smt", "place": true}, {"pos_x": 76.84475, "pos_y": 117.014012, "rotation": -90.0, "side": "top", "designator": "R25", "mpn": null, "pack": "R_0805_2012Metric", "value": "1K", "mount_type": "smt", "place": true}, {"pos_x": 55.118, "pos_y": 30.48, "rotation": 0.0, "side": "top", "designator": "R108", "mpn": null, "pack": "R_0603_1608Metric", "value": "270R", "mount_type": "smt", "place": true}, {"pos_x": 110.49, "pos_y": 50.8, "rotation": -90.0, "side": "top", "designator": "R47", "mpn": null, "pack": "R_0805_2012Metric", "value": "2K", "mount_type": "smt", "place": true}, {"pos_x": 131.572, "pos_y": 82.296, "rotation": 90.0, "side": "top", "designator": "R64", "mpn": null, "pack": "R_0805_2012Metric", "value": "1K", "mount_type": "smt", "place": true}, {"pos_x": 60.92, "pos_y": 75.23, "rotation": 90.0, "side": "top", "designator": "RV5", "mpn": null, "pack": "Potentiometer_Bourns_PTV09A-1_Single_Vertical", "value": "2K", "mount_type": "tht", "place": true}, {"pos_x": 71.08, "pos_y": 34.59, "rotation": 90.0, "side": "top", "designator": "RV14", "mpn": null, "pack": "Potentiometer_Bourns_PTV09A-1_Single_Vertical", "value": "2K", "mount_type": "tht", "place": true}, {"pos_x": 113.792, "pos_y": 35.56, "rotation": -90.0, "side": "top", "designator": "R40", "mpn": null, "pack": "R_0805_2012Metric", "value": "1K", "mount_type": "smt", "place": true}, {"pos_x": 132.04, "pos_y": 19.35, "rotation": 90.0, "side": "top", "designator": "RV7", "mpn": null, "pack": "Potentiometer_Bourns_PTV09A-1_Single_Vertical", "value": "2K", "mount_type": "tht", "place": true}, {"pos_x": 25.654, "pos_y": 56.642, "rotation": -90.0, "side": "top", "designator": "R53", "mpn": null, "pack": "R_0603_1608Metric", "value": "5K1", "mount_type": "smt", "place": true}, {"pos_x": 95.758, "pos_y": 15.24, "rotation": 0.0, "side": "top", "designator": "R126", "mpn": null, "pack": "R_0603_1608Metric", "value": "270R", "mount_type": "smt", "place": true}, {"pos_x": 27.31475, "pos_y": 138.604012, "rotation": 180.0, "side": "top", "designator": "JP17", "mpn": null, "pack": "TestPoint_2Pads_Pitch2.54mm_Drill0.8mm", "value": "Jumper_2_Bridged", "mount_type": "tht", "place": true}, {"pos_x": 75.438, "pos_y": 20.32, "rotation": 0.0, "side": "top", "designator": "R112", "mpn": null, "pack": "R_0603_1608Metric", "value": "270R", "mount_type": "smt", "place": true}, {"pos_x": 113.792, "pos_y": 45.72, "rotation": -90.0, "side": "top", "designator": "R44", "mpn": null, "pack": "R_0805_2012Metric", "value": "1K", "mount_type": "smt", "place": true}, {"pos_x": 41.656, "pos_y": 59.182, "rotation": 180.0, "side": "top", "designator": "R60", "mpn": null, "pack": "R_0603_1608Metric", "value": "2K7", "mount_type": "smt", "place": true}, {"pos_x": 23.114, "pos_y": 56.642, "rotation": -90.0, "side": "top", "designator": "R52", "mpn": null, "pack": "R_0603_1608Metric", "value": "5K1", "mount_type": "smt", "place": true}, {"pos_x": 64.14475, "pos_y": 132.254012, "rotation": -90.0, "side": "top", "designator": "R20", "mpn": null, "pack": "R_0805_2012Metric", "value": "1K", "mount_type": "smt", "place": true}, {"pos_x": 132.04, "pos_y": 34.59, "rotation": 90.0, "side": "top", "designator": "RV8", "mpn": null, "pack": "Potentiometer_Bourns_PTV09A-1_Single_Vertical", "value": "2K", "mount_type": "tht", "place": true}, {"pos_x": 75.438, "pos_y": 30.48, "rotation": 0.0, "side": "top", "designator": "R120", "mpn": null, "pack": "R_0603_1608Metric", "value": "270R", "mount_type": "smt", "place": true}, {"pos_x": 14.478, "pos_y": 27.94, "rotation": 0.0, "side": "top", "designator": "R58", "mpn": null, "pack": "R_0603_1608Metric", "value": "270R", "mount_type": "smt", "place": true}, {"pos_x": 116.078, "pos_y": 10.16, "rotation": 0.0, "side": "top", "designator": "R140", "mpn": null, "pack": "R_0603_1608Metric", "value": "270R", "mount_type": "smt", "place": true}, {"pos_x": 94.62475, "pos_y": 124.634012, "rotation": -90.0, "side": "top", "designator": "U12", "mpn": null, "pack": "SMDIP-4_W7.62mm", "value": "SFH617A-2X009T", "mount_type": "smt", "place": true}, {"pos_x": 65.786, "pos_y": 90.444, "rotation": 90.0, "side": "top", "designator": "JP13", "mpn": null, "pack": "TestPoint_2Pads_Pitch2.54mm_Drill0.8mm", "value": "Jumper_2_Bridged", "mount_type": "tht", "place": true}, {"pos_x": 131.572, "pos_y": 91.821, "rotation": 90.0, "side": "top", "designator": "FB1", "mpn": null, "pack": "L_0805_2012Metric", "value": "120R@100MHz", "mount_type": "smt", "place": true}, {"pos_x": 102.244749, "pos_y": 117.014012, "rotation": -90.0, "side": "top", "designator": "R31", "mpn": null, "pack": "R_0805_2012Metric", "value": "1K", "mount_type": "smt", "place": true}, {"pos_x": 89.54475, "pos_y": 132.254012, "rotation": -90.0, "side": "top", "designator": "R34", "mpn": null, "pack": "R_0805_2012Metric", "value": "1K", "mount_type": "smt", "place": true}, {"pos_x": 56.642, "pos_y": 95.504, "rotation": 180.0, "side": "top", "designator": "JP26", "mpn": null, "pack": "SolderJumper-2_P1.3mm_Open_TrianglePad1.0x1.5mm", "value": "SolderJumper_2_Open", "mount_type": "tht", "place": true}, {"pos_x": 116.078, "pos_y": 12.7, "rotation": 0.0, "side": "top", "designator": "R139", "mpn": null, "pack": "R_0603_1608Metric", "value": "270R", "mount_type": "smt", "place": true}, {"pos_x": 119.888, "pos_y": 45.72, "rotation": -90.0, "side": "top", "designator": "C30", "mpn": null, "pack": "C_0603_1608Metric", "value": "0.1uF 50V", "mount_type": "smt", "place": true}, {"pos_x": 132.651, "pos_y": 113.284, "rotation": 90.0, "side": "top", "designator": "R4", "mpn": null, "pack": "R_0402_1005Metric", "value": "430k", "mount_type": "smt", "place": true}, {"pos_x": 101.56, "pos_y": 34.59, "rotation": 90.0, "side": "top", "designator": "RV16", "mpn": null, "pack": "Potentiometer_Bourns_PTV09A-1_Single_Vertical", "value": "2K", "mount_type": "tht", "place": true}, {"pos_x": 55.118, "pos_y": 7.62, "rotation": 0.0, "side": "top", "designator": "R105", "mpn": null, "pack": "R_0603_1608Metric", "value": "270R", "mount_type": "smt", "place": true}, {"pos_x": 139.255, "pos_y": 112.903, "rotation": 90.0, "side": "top", "designator": "R2", "mpn": null, "pack": "R_0402_1005Metric", "value": "470k", "mount_type": "smt", "place": true}, {"pos_x": 131.635, "pos_y": 113.284, "rotation": 90.0, "side": "top", "designator": "C11", "mpn": null, "pack": "C_0402_1005Metric", "value": "100pF", "mount_type": "smt", "place": true}, {"pos_x": 40.64, "pos_y": 71.12, "rotation": -90.0, "side": "top", "designator": "R54", "mpn": null, "pack": "R_0603_1608Metric", "value": "6K8", "mount_type": "smt", "place": true}, {"pos_x": 75.438, "pos_y": 2.54, "rotation": 0.0, "side": "top", "designator": "R119", "mpn": null, "pack": "R_0603_1608Metric", "value": "270R", "mount_type": "smt", "place": true}, {"pos_x": 21.148, "pos_y": 62.738, "rotation": 90.0, "side": "top", "designator": "Q3", "mpn": null, "pack": "SOT-23", "value": "DMG2301L", "mount_type": "smt", "place": true}, {"pos_x": 135.382, "pos_y": 86.106, "rotation": -90.0, "side": "top", "designator": "D10", "mpn": null, "pack": "D_SOD-123", "value": "18V", "mount_type": "smt", "place": true}, {"pos_x": 55.118, "pos_y": 5.08, "rotation": 0.0, "side": "top", "designator": "R106", "mpn": null, "pack": "R_0603_1608Metric", "value": "270R", "mount_type": "smt", "place": true}, {"pos_x": 83.194749, "pos_y": 117.014012, "rotation": -90.0, "side": "top", "designator": "R27", "mpn": null, "pack": "R_0805_2012Metric", "value": "1K", "mount_type": "smt", "place": true}, {"pos_x": 75.438, "pos_y": 7.62, "rotation": 0.0, "side": "top", "designator": "R117", "mpn": null, "pack": "R_0603_1608Metric", "value": "270R", "mount_type": "smt", "place": true}, {"pos_x": 18.42475, "pos_y": 124.634012, "rotation": -90.0, "side": "top", "designator": "U1", "mpn": null, "pack": "SMDIP-4_W7.62mm", "value": "SFH617A-2X009T", "mount_type": "smt", "place": true}, {"pos_x": 10.414, "pos_y": 56.642, "rotation": -90.0, "side": "top", "designator": "R149", "mpn": null, "pack": "R_0603_1608Metric", "value": "5K1", "mount_type": "smt", "place": true}, {"pos_x": 84.46475, "pos_y": 138.604012, "rotation": 180.0, "side": "top", "designator": "JP21", "mpn": null, "pack": "TestPoint_2Pads_Pitch2.54mm_Drill0.8mm", "value": "Jumper_2_Bridged", "mount_type": "tht", "place": true}, {"pos_x": 14.478, "pos_y": 5.08, "rotation": 0.0, "side": "top", "designator": "R83", "mpn": null, "pack": "R_0603_1608Metric", "value": "270R", "mount_type": "smt", "place": true}, {"pos_x": 34.798, "pos_y": 15.24, "rotation": 0.0, "side": "top", "designator": "R90", "mpn": null, "pack": "R_0603_1608Metric", "value": "270R", "mount_type": "smt", "place": true}, {"pos_x": 95.758, "pos_y": 30.48, "rotation": 0.0, "side": "top", "designator": "R132", "mpn": null, "pack": "R_0603_1608Metric", "value": "270R", "mount_type": "smt", "place": true}, {"pos_x": 34.798, "pos_y": 27.94, "rotation": 0.0, "side": "top", "designator": "R57", "mpn": null, "pack": "R_0603_1608Metric", "value": "270R", "mount_type": "smt", "place": true}, {"pos_x": 10.12, "pos_y": 34.59, "rotation": 90.0, "side": "top", "designator": "RV10", "mpn": null, "pack": "Potentiometer_Bourns_PTV09A-1_Single_Vertical", "value": "2K", "mount_type": "tht", "place": true}, {"pos_x": 55.118, "pos_y": 15.24, "rotation": 0.0, "side": "top", "designator": "R102", "mpn": null, "pack": "R_0603_1608Metric", "value": "270R", "mount_type": "smt", "place": true}, {"pos_x": 88.27475, "pos_y": 124.634012, "rotation": -90.0, "side": "top", "designator": "U15", "mpn": null, "pack": "SMDIP-4_W7.62mm", "value": "SFH617A-2X009T", "mount_type": "smt", "place": true}, {"pos_x": 11.39, "pos_y": 140.97, "rotation": 180.0, "side": "top", "designator": "J2", "mpn": null, "pack": "JST_XH_S4B-XH-A-1_1x04_P2.50mm_Horizontal", "value": "Conn_01x04_Socket", "mount_type": "tht", "place": true}, {"pos_x": 131.592836, "pos_y": 141.917, "rotation": 180.0, "side": "top", "designator": "C22", "mpn": null, "pack": "C_0402_1005Metric", "value": "22pF", "mount_type": "smt", "place": true}, {"pos_x": 42.418, "pos_y": 71.12, "rotation": 90.0, "side": "top", "designator": "C42", "mpn": null, "pack": "C_0603_1608Metric", "value": "0.1uF 50V", "mount_type": "smt", "place": true}, {"pos_x": 14.478, "pos_y": 10.16, "rotation": 0.0, "side": "top", "designator": "R81", "mpn": null, "pack": "R_0603_1608Metric", "value": "270R", "mount_type": "smt", "place": true}, {"pos_x": 135.636, "pos_y": 77.724, "rotation": 90.0, "side": "top", "designator": "R62", "mpn": null, "pack": "R_0805_2012Metric", "value": "1K", "mount_type": "smt", "place": true}, {"pos_x": 140.716, "pos_y": 96.012, "rotation": 0.0, "side": "top", "designator": "TP1", "mpn": null, "pack": "PinHeader_1x01_P2.54mm_Vertical", "value": "TestPoint", "mount_type": "tht", "place": true}, {"pos_x": 119.888, "pos_y": 50.8, "rotation": -90.0, "side": "top", "designator": "C32", "mpn": null, "pack": "C_0603_1608Metric", "value": "0.1uF 50V", "mount_type": "smt", "place": true}, {"pos_x": 117.348, "pos_y": 112.014, "rotation": 0.0, "side": "top", "designator": "5V_1", "mpn": null, "pack": "PinHeader_2x04_P2.54mm_Vertical", "value": "Conn_02x04_Counter_Clockwise", "mount_type": "tht", "place": true}, {"pos_x": 34.798, "pos_y": 10.16, "rotation": 0.0, "side": "top", "designator": "R92", "mpn": null, "pack": "R_0603_1608Metric", "value": "270R", "mount_type": "smt", "place": true}, {"pos_x": 36.83, "pos_y": 71.12, "rotation": -90.0, "side": "top", "designator": "C40", "mpn": null, "pack": "C_0603_1608Metric", "value": "0.1uF 50V", "mount_type": "smt", "place": true}, {"pos_x": 140.97, "pos_y": 81.28, "rotation": 90.0, "side": "top", "designator": "D1", "mpn": null, "pack": "D_SOD-123", "value": "18V", "mount_type": "smt", "place": true}, {"pos_x": 130.873, "pos_y": 115.824, "rotation": -90.0, "side": "top", "designator": "C16", "mpn": null, "pack": "C_0402_1005Metric", "value": "100nF 50V", "mount_type": "smt", "place": true}, {"pos_x": 138.069836, "pos_y": 140.266, "rotation": 90.0, "side": "top", "designator": "R36", "mpn": null, "pack": "R_0402_1005Metric", "value": "100K", "mount_type": "smt", "place": true}, {"pos_x": 129.179836, "pos_y": 142.438, "rotation": 90.0, "side": "top", "designator": "C24", "mpn": null, "pack": "C_0603_1608Metric", "value": "10uF 25V", "mount_type": "smt", "place": true}, {"pos_x": 45.09475, "pos_y": 132.254012, "rotation": -90.0, "side": "top", "designator": "R14", "mpn": null, "pack": "R_0805_2012Metric", "value": "1K", "mount_type": "smt", "place": true}, {"pos_x": 34.798, "pos_y": 7.62, "rotation": 0.0, "side": "top", "designator": "R93", "mpn": null, "pack": "R_0603_1608Metric", "value": "270R", "mount_type": "smt", "place": true}, {"pos_x": 62.14975, "pos_y": 143.684012, "rotation": 0.0, "side": "top", "designator": "JP20", "mpn": null, "pack": "SolderJumper-2_P1.3mm_Open_TrianglePad1.0x1.5mm", "value": "SolderJumper_2_Open", "mount_type": "tht", "place": true}, {"pos_x": 75.438, "pos_y": 27.94, "rotation": 0.0, "side": "top", "designator": "R109", "mpn": null, "pack": "R_0603_1608Metric", "value": "270R", "mount_type": "smt", "place": true}, {"pos_x": 95.758, "pos_y": 27.94, "rotation": 0.0, "side": "top", "designator": "R121", "mpn": null, "pack": "R_0603_1608Metric", "value": "270R", "mount_type": "smt", "place": true}, {"pos_x": 40.894, "pos_y": 56.642, "rotation": -90.0, "side": "top", "designator": "R67", "mpn": null, "pack": "R_0603_1608Metric", "value": "5K1", "mount_type": "smt", "place": true}, {"pos_x": 14.478, "pos_y": 2.54, "rotation": 0.0, "side": "top", "designator": "R84", "mpn": null, "pack": "R_0603_1608Metric", "value": "270R", "mount_type": "smt", "place": true}, {"pos_x": 55.84, "pos_y": 34.59, "rotation": 90.0, "side": "top", "designator": "RV13", "mpn": null, "pack": "Potentiometer_Bourns_PTV09A-1_Single_Vertical", "value": "2K", "mount_type": "tht", "place": true}, {"pos_x": 45.212, "pos_y": 67.755, "rotation": -90.0, "side": "top", "designator": "R148", "mpn": null, "pack": "R_0603_1608Metric", "value": "51R", "mount_type": "smt", "place": true}, {"pos_x": 100.584, "pos_y": 56.134, "rotation": -90.0, "side": "top", "designator": "C39", "mpn": null, "pack": "C_0603_1608Metric", "value": "0.1uF 50V", "mount_type": "smt", "place": true}, {"pos_x": 83.95675, "pos_y": 108.161012, "rotation": 90.0, "side": "top", "designator": "JP10", "mpn": null, "pack": "SolderJumper-2_P1.3mm_Open_TrianglePad1.0x1.5mm", "value": "SolderJumper_2_Open", "mount_type": "tht", "place": true}, {"pos_x": 55.118, "pos_y": 17.78, "rotation": 0.0, "side": "top", "designator": "R101", "mpn": null, "pack": "R_0603_1608Metric", "value": "270R", "mount_type": "smt", "place": true}, {"pos_x": 6.35, "pos_y": 132.08, "rotation": -90.0, "side": "top", "designator": "JP16", "mpn": null, "pack": "SolderJumper-2_P1.3mm_Open_TrianglePad1.0x1.5mm", "value": "SolderJumper_2_Open", "mount_type": "tht", "place": true}, {"pos_x": 129.222, "pos_y": 115.57, "rotation": -90.0, "side": "top", "designator": "C5", "mpn": null, "pack": "C_0805_2012Metric", "value": "22uF 16V", "mount_type": "smt", "place": true}, {"pos_x": 8.128, "pos_y": 71.12, "rotation": 90.0, "side": "top", "designator": "R73", "mpn": null, "pack": "R_0603_1608Metric", "value": "330K", "mount_type": "smt", "place": true}, {"pos_x": 55.118, "pos_y": 25.4, "rotation": 0.0, "side": "top", "designator": "R98", "mpn": null, "pack": "R_0603_1608Metric", "value": "270R", "mount_type": "smt", "place": true}, {"pos_x": 102.24475, "pos_y": 132.254012, "rotation": -90.0, "side": "top", "designator": "R30", "mpn": null, "pack": "R_0805_2012Metric", "value": "1K", "mount_type": "smt", "place": true}, {"pos_x": 75.438, "pos_y": 17.78, "rotation": 0.0, "side": "top", "designator": "R113", "mpn": null, "pack": "R_0603_1608Metric", "value": "270R", "mount_type": "smt", "place": true}, {"pos_x": 54.61, "pos_y": 55.89, "rotation": 90.0, "side": "top", "designator": "A1", "mpn": null, "pack": "Arduino_Nano", "value": "Nano V3 pulse generator", "mount_type": "tht", "place": true}, {"pos_x": 75.438, "pos_y": 5.08, "rotation": 0.0, "side": "top", "designator": "R118", "mpn": null, "pack": "R_0603_1608Metric", "value": "270R", "mount_type": "smt", "place": true}, {"pos_x": 89.544749, "pos_y": 117.014012, "rotation": -90.0, "side": "top", "designator": "R35", "mpn": null, "pack": "R_0805_2012Metric", "value": "1K", "mount_type": "smt", "place": true}, {"pos_x": 21.59, "pos_y": 71.12, "rotation": -90.0, "side": "top", "designator": "C14", "mpn": null, "pack": "C_0603_1608Metric", "value": "0.1uF 50V", "mount_type": "smt", "place": true}, {"pos_x": 45.09475, "pos_y": 117.014012, "rotation": -90.0, "side": "top", "designator": "R15", "mpn": null, "pack": "R_0805_2012Metric", "value": "1K", "mount_type": "smt", "place": true}, {"pos_x": 75.438, "pos_y": 12.7, "rotation": 0.0, "side": "top", "designator": "R115", "mpn": null, "pack": "R_0603_1608Metric", "value": "270R", "mount_type": "smt", "place": true}, {"pos_x": 19.69475, "pos_y": 117.014012, "rotation": -90.0, "side": "top", "designator": "R7", "mpn": null, "pack": "R_0805_2012Metric", "value": "1K", "mount_type": "smt", "place": true}, {"pos_x": 107.32475, "pos_y": 124.634012, "rotation": -90.0, "side": "top", "designator": "U14", "mpn": null, "pack": "SMDIP-4_W7.62mm", "value": "SFH617A-2X009T", "mount_type": "smt", "place": true}, {"pos_x": 51.44475, "pos_y": 117.014012, "rotation": -90.0, "side": "top", "designator": "R17", "mpn": null, "pack": "R_0805_2012Metric", "value": "1K", "mount_type": "smt", "place": true}, {"pos_x": 77.35275, "pos_y": 108.124012, "rotation": 0.0, "side": "top", "designator": "JP9", "mpn": null, "pack": "TestPoint_2Pads_Pitch2.54mm_Drill0.8mm", "value": "Jumper_2_Bridged", "mount_type": "tht", "place": true}, {"pos_x": 102.362, "pos_y": 56.134, "rotation": -90.0, "side": "top", "designator": "C38", "mpn": null, "pack": "C_0603_1608Metric", "value": "0.1uF 50V", "mount_type": "smt", "place": true}, {"pos_x": 116.84, "pos_y": 45.72, "rotation": -90.0, "side": "top", "designator": "C29", "mpn": null, "pack": "C_0603_1608Metric", "value": "0.1uF 50V", "mount_type": "smt", "place": true}, {"pos_x": 33.66975, "pos_y": 137.344012, "rotation": 90.0, "side": "top", "designator": "SW8", "mpn": null, "pack": "DIP-20_W7.62mm", "value": "SW_DIP_x10", "mount_type": "tht", "place": true}, {"pos_x": 95.89475, "pos_y": 132.254012, "rotation": -90.0, "side": "top", "designator": "R28", "mpn": null, "pack": "R_0805_2012Metric", "value": "1K", "mount_type": "smt", "place": true}, {"pos_x": 116.84, "pos_y": 62.23, "rotation": 90.0, "side": "top", "designator": "IC2", "mpn": null, "pack": "SOIC127P600X175-8N", "value": "SP721ABG", "mount_type": "smt", "place": true}, {"pos_x": 134.048, "pos_y": 120.396, "rotation": 180.0, "side": "top", "designator": "L1", "mpn": null, "pack": "L_Bourns-SRN6028", "value": "10uH", "mount_type": "smt", "place": true}, {"pos_x": 120.944, "pos_y": 86.502, "rotation": 0.0, "side": "top", "designator": "RV1", "mpn": null, "pack": "RV_Disc_D9mm_W3.5mm_P5mm", "value": "MOV-07D220K", "mount_type": "tht", "place": true}, {"pos_x": 136.461, "pos_y": 107.569, "rotation": 180.0, "side": "top", "designator": "C6", "mpn": null, "pack": "C_0805_2012Metric", "value": "22uF 16V", "mount_type": "smt", "place": true}, {"pos_x": 83.19475, "pos_y": 132.254012, "rotation": -90.0, "side": "top", "designator": "R26", "mpn": null, "pack": "R_0805_2012Metric", "value": "1K", "mount_type": "smt", "place": true}, {"pos_x": 87.00475, "pos_y": 143.684012, "rotation": -90.0, "side": "top", "designator": "R150", "mpn": null, "pack": "R_0603_1608Metric", "value": "5K1", "mount_type": "smt", "place": true}, {"pos_x": 91.4, "pos_y": 75.23, "rotation": 90.0, "side": "top", "designator": "RV3", "mpn": null, "pack": "Potentiometer_Bourns_PTV09A-1_Single_Vertical", "value": "2K", "mount_type": "tht", "place": true}, {"pos_x": 27.178, "pos_y": 62.738, "rotation": -90.0, "side": "top", "designator": "Q4", "mpn": null, "pack": "SOT-23", "value": "DMG2301L", "mount_type": "smt", "place": true}, {"pos_x": 108.59475, "pos_y": 132.254012, "rotation": -90.0, "side": "top", "designator": "R32", "mpn": null, "pack": "R_0805_2012Metric", "value": "1K", "mount_type": "smt", "place": true}, {"pos_x": 116.078, "pos_y": 27.94, "rotation": 0.0, "side": "top", "designator": "R133", "mpn": null, "pack": "R_0603_1608Metric", "value": "270R", "mount_type": "smt", "place": true}, {"pos_x": 106.64, "pos_y": 75.23, "rotation": 90.0, "side": "top", "designator": "RV2", "mpn": null, "pack": "Potentiometer_Bourns_PTV09A-1_Single_Vertical", "value": "2K", "mount_type": "tht", "place": true}, {"pos_x": 95.758, "pos_y": 20.32, "rotation": 0.0, "side": "top", "designator": "R124", "mpn": null, "pack": "R_0603_1608Metric", "value": "270R", "mount_type": "smt", "place": true}, {"pos_x": 23.368, "pos_y": 71.12, "rotation": 90.0, "side": "top", "designator": "R49", "mpn": null, "pack": "R_0603_1608Metric", "value": "330K", "mount_type": "smt", "place": true}, {"pos_x": 2.54, "pos_y": 133.35, "rotation": -90.0, "side": "top", "designator": "JP15", "mpn": null, "pack": "TestPoint_2Pads_Pitch2.54mm_Drill0.8mm", "value": "Jumper_2_Bridged", "mount_type": "tht", "place": true}, {"pos_x": 104.78475, "pos_y": 138.604012, "rotation": 0.0, "side": "top", "designator": "JP23", "mpn": null, "pack": "TestPoint_2Pads_Pitch2.54mm_Drill0.8mm", "value": "Jumper_2_Bridged", "mount_type": "tht", "place": true}, {"pos_x": 121.158, "pos_y": 137.16, "rotation": 180.0, "side": "top", "designator": "JP4", "mpn": null, "pack": "SolderJumper-2_P1.3mm_Open_TrianglePad1.0x1.5mm", "value": "SolderJumper_2_Open", "mount_type": "tht", "place": true}, {"pos_x": 138.069836, "pos_y": 138.234, "rotation": -90.0, "side": "top", "designator": "C17", "mpn": null, "pack": "C_0402_1005Metric", "value": "100nF 50V", "mount_type": "smt", "place": true}, {"pos_x": 5.908, "pos_y": 62.738, "rotation": 90.0, "side": "top", "designator": "Q7", "mpn": null, "pack": "SOT-23", "value": "DMG2301L", "mount_type": "smt", "place": true}, {"pos_x": 134.112, "pos_y": 100.35, "rotation": 90.0, "side": "top", "designator": "JP5", "mpn": null, "pack": "TestPoint_2Pads_Pitch2.54mm_Drill0.8mm", "value": "Jumper_2_Bridged", "mount_type": "tht", "place": true}, {"pos_x": 25.4, "pos_y": 71.12, "rotation": -90.0, "side": "top", "designator": "R48", "mpn": null, "pack": "R_0603_1608Metric", "value": "6K8", "mount_type": "smt", "place": true}, {"pos_x": 14.478, "pos_y": 30.48, "rotation": 0.0, "side": "top", "designator": "R85", "mpn": null, "pack": "R_0603_1608Metric", "value": "270R", "mount_type": "smt", "place": true}, {"pos_x": 39.624, "pos_y": 67.31, "rotation": 0.0, "side": "top", "designator": "IC7", "mpn": null, "pack": "SOP65P490X110-8N", "value": "LM358BAIDGKR", "mount_type": "smt", "place": true}, {"pos_x": 100.97475, "pos_y": 124.634012, "rotation": -90.0, "side": "top", "designator": "U13", "mpn": null, "pack": "SMDIP-4_W7.62mm", "value": "SFH617A-2X009T", "mount_type": "smt", "place": true}, {"pos_x": 14.478, "pos_y": 15.24, "rotation": 0.0, "side": "top", "designator": "R79", "mpn": null, "pack": "R_0603_1608Metric", "value": "270R", "mount_type": "smt", "place": true}, {"pos_x": 19.304, "pos_y": 56.134, "rotation": 90.0, "side": "top", "designator": "D3", "mpn": null, "pack": "D_SOD-123F", "value": "PMEG3010EH", "mount_type": "smt", "place": true}, {"pos_x": 133.667, "pos_y": 115.824, "rotation": 90.0, "side": "top", "designator": "C10", "mpn": null, "pack": "C_0402_1005Metric", "value": "100nF 50V", "mount_type": "smt", "place": true}, {"pos_x": 2.95656, "pos_y": 82.55, "rotation": 90.0, "side": "top", "designator": "U16", "mpn": null, "pack": "ESP32-DevKitC", "value": "ESP32-DevKitC", "mount_type": "tht", "place": true}, {"pos_x": 108.594749, "pos_y": 117.014012, "rotation": -90.0, "side": "top", "designator": "R33", "mpn": null, "pack": "R_0805_2012Metric", "value": "1K", "mount_type": "smt", "place": true}, {"pos_x": 119.38, "pos_y": 129.54, "rotation": 90.0, "side": "top", "designator": "3V3_1", "mpn": null, "pack": "PinHeader_2x04_P2.54mm_Vertical", "value": "Conn_02x04_Counter_Clockwise", "mount_type": "tht", "place": true}, {"pos_x": 116.84, "pos_y": 35.56, "rotation": -90.0, "side": "top", "designator": "C25", "mpn": null, "pack": "C_0603_1608Metric", "value": "0.1uF 50V", "mount_type": "smt", "place": true}, {"pos_x": 139.720836, "pos_y": 140.242, "rotation": 90.0, "side": "top", "designator": "C18", "mpn": null, "pack": "C_0603_1608Metric", "value": "10uF 25V", "mount_type": "smt", "place": true}, {"pos_x": 132.04, "pos_y": 49.83, "rotation": 90.0, "side": "top", "designator": "RV9", "mpn": null, "pack": "Potentiometer_Bourns_PTV09A-1_Single_Vertical", "value": "2K", "mount_type": "tht", "place": true}, {"pos_x": 24.384, "pos_y": 67.31, "rotation": 0.0, "side": "top", "designator": "IC6", "mpn": null, "pack": "SOP65P490X110-8N", "value": "LM358BAIDGKR", "mount_type": "smt", "place": true}, {"pos_x": 55.118, "pos_y": 20.32, "rotation": 0.0, "side": "top", "designator": "R100", "mpn": null, "pack": "R_0603_1608Metric", "value": "270R", "mount_type": "smt", "place": true}, {"pos_x": 124.65, "pos_y": 115.57, "rotation": -90.0, "side": "top", "designator": "C12", "mpn": null, "pack": "C_0805_2012Metric", "value": "22uF 16V", "mount_type": "smt", "place": true}, {"pos_x": 107.188, "pos_y": 56.134, "rotation": -90.0, "side": "top", "designator": "C4", "mpn": null, "pack": "C_0603_1608Metric", "value": "0.1uF 50V", "mount_type": "smt", "place": true}, {"pos_x": 32.39475, "pos_y": 117.014012, "rotation": -90.0, "side": "top", "designator": "R11", "mpn": null, "pack": "R_0805_2012Metric", "value": "1K", "mount_type": "smt", "place": true}, {"pos_x": 38.608, "pos_y": 71.12, "rotation": 90.0, "side": "top", "designator": "R55", "mpn": null, "pack": "R_0603_1608Metric", "value": "330K", "mount_type": "smt", "place": true}, {"pos_x": 50.17475, "pos_y": 124.634012, "rotation": -90.0, "side": "top", "designator": "U6", "mpn": null, "pack": "SMDIP-4_W7.62mm", "value": "SFH617A-2X009T", "mount_type": "smt", "place": true}, {"pos_x": 4.064, "pos_y": 56.134, "rotation": 90.0, "side": "top", "designator": "D2", "mpn": null, "pack": "D_SOD-123F", "value": "PMEG3010EH", "mount_type": "smt", "place": true}, {"pos_x": 95.758, "pos_y": 7.62, "rotation": 0.0, "side": "top", "designator": "R129", "mpn": null, "pack": "R_0603_1608Metric", "value": "270R", "mount_type": "smt", "place": true}, {"pos_x": 116.078, "pos_y": 2.54, "rotation": 0.0, "side": "top", "designator": "R143", "mpn": null, "pack": "R_0603_1608Metric", "value": "270R", "mount_type": "smt", "place": true}, {"pos_x": 26.416, "pos_y": 59.182, "rotation": 180.0, "side": "top", "designator": "R51", "mpn": null, "pack": "R_0603_1608Metric", "value": "2K7", "mount_type": "smt", "place": true}, {"pos_x": 42.418, "pos_y": 62.738, "rotation": -90.0, "side": "top", "designator": "Q6", "mpn": null, "pack": "SOT-23", "value": "DMG2301L", "mount_type": "smt", "place": true}, {"pos_x": 135.910836, "pos_y": 142.397, "rotation": 90.0, "side": "top", "designator": "C20", "mpn": null, "pack": "C_0402_1005Metric", "value": "2.2\u00b5F", "mount_type": "smt", "place": true}, {"pos_x": 139.763, "pos_y": 114.554, "rotation": 180.0, "side": "top", "designator": "R1", "mpn": null, "pack": "R_0402_1005Metric", "value": "51k", "mount_type": "smt", "place": true}, {"pos_x": 95.758, "pos_y": 22.86, "rotation": 0.0, "side": "top", "designator": "R123", "mpn": null, "pack": "R_0603_1608Metric", "value": "270R", "mount_type": "smt", "place": true}, {"pos_x": 75.438, "pos_y": 22.86, "rotation": 0.0, "side": "top", "designator": "R111", "mpn": null, "pack": "R_0603_1608Metric", "value": "270R", "mount_type": "smt", "place": true}, {"pos_x": 24.77475, "pos_y": 124.634012, "rotation": -90.0, "side": "top", "designator": "U2", "mpn": null, "pack": "SMDIP-4_W7.62mm", "value": "SFH617A-2X009T", "mount_type": "smt", "place": true}]