﻿designator,quantity,value,pack,mpn,mount_type
"12V_1, 3V3_1, 5V_1, BATT_1, GND_1",5,Conn_02x04_Counter_Clockwise,PinHeader_2x04_P2.54mm_Vertical,,tht
A1,1,Nano V3 pulse generator,Arduino_Nano,,tht
"C1, C13, C14, C15, C2, C24, C25, C26, C27, C28, C29, C3, C30, C31, C32, C33, C34, C35, C37, C38, C39, C4, C40, C41",24,0.1uF 50V,C_0603_1608Metric,,smt
"C10, C16, C17, C21, C23, C9",6,100nF 50V,C_0402_1005Metric,,smt
C11,1,100pF,C_0402_1005Metric,,smt
"C12, C18, C19, C5, C6, C7, C8",7,22uF 16V,C_0805_2012Metric,,smt
C20,1,2.2µF,C_0402_1005Metric,,smt
C22,1,22pF,C_0402_1005Metric,,smt
C36,1,1uF,C_0603_1608Metric,,smt
"D1, D10",2,18V,D_SOD-123,,smt
"D2, D3, D4, D5, D6, D7",6,PMEG3010EH,D_SOD-123F,,smt
F1,1,Polyfuse,Fuse_1210_3225Metric,,smt
F2,1,0ZRB0250FF1E,Fuse_BelFuse_0ZRE0033FF_L11.4mm_W3.8mm,,tht
FB1,1,120R@100MHz,L_0805_2012Metric,,smt
IC1,1,CD74HC4050M96,SOIC127P600X175-16N,,smt
IC2,1,SP721ABG,SOIC127P600X175-8N,,smt
IC3,1,74HC4067BQ-Q100J,74HC4067BQQ100J,,smt
IC4,1,MP2322GQH-Z,MP2322GQHZ,,smt
"IC5, IC6, IC7",3,LM358BAIDGKR,VSSOP-8_3.0x3.0mm_P0.65mm,,smt
J2,1,Conn_01x04_Socket,JST_XH_S4B-XH-A-1_1x04_P2.50mm_Horizontal,,tht
"JP1, JP11, JP13, JP15, JP17, JP19, JP21, JP23, JP25, JP3, JP5, JP7, JP9",13,Jumper_2_Bridged,TestPoint_2Pads_Pitch2.54mm_Drill0.8mm,,tht
"JP10, JP12, JP14, JP16, JP18, JP2, JP20, JP22, JP24, JP26, JP4, JP6, JP8",13,SolderJumper_2_Open,SolderJumper-2_P1.3mm_Open_TrianglePad1.0x1.5mm,,tht
L1,1,10uH,L_Bourns-SRN6028,,smt
L2,1,SRP3212A-3R3M,L_1210_3225Metric,,smt
PS1,1,AP63200WU-7,TSOT-23-6,,smt
Q1,1,2N7002,SOT-23,,smt
Q2,1,PJA3441,SOT-23,,smt
"Q3, Q4, Q5, Q6, Q7, Q8",6,DMG2301L,SOT-23,,smt
R1,1,51k,R_0402_1005Metric,,smt
"R10, R11, R12, R13, R14, R15, R16, R17, R18, R19, R20, R21, R22, R23, R24, R25, R26, R27, R28, R29, R30, R31, R32, R33, R34, R35, R40, R42, R44, R46, R6, R62, R64, R7, R8, R9",36,1K,R_0805_2012Metric,,smt
"R100, R101, R102, R103, R104, R105, R106, R107, R108, R109, R110, R111, R112, R113, R114, R115, R116, R117, R118, R119, R120, R121, R122, R123, R124, R125, R126, R127, R128, R129, R130, R131, R132, R133, R134, R135, R136, R137, R138, R139, R140, R141, R142, R143, R144, R57, R58, R59, R61, R70, R71, R79, R80, R81, R82, R83, R84, R85, R86, R87, R88, R89, R90, R91, R92, R93, R94, R95, R96, R97, R98, R99",72,270R,R_0603_1608Metric,,smt
"R145, R150",2,5K1,R_0603_1608Metric,,smt
"R147, R68, R69, R77, R78",5,22R,R_0603_1608Metric,,smt
R148,1,51R,R_0603_1608Metric,,smt
R2,1,470k,R_0402_1005Metric,,smt
R3,1,82k,R_0402_1005Metric,,smt
"R36, R53, R67",3,6k8,R_0603_1608Metric,,smt
R37,1,220K,R_0402_1005Metric,,smt
R38,1,976K,R_0402_1005Metric,,smt
"R39, R5",2,0R,R_0402_1005Metric,,smt
R4,1,430k,R_0402_1005Metric,,smt
"R41, R43, R45, R47",4,2K,R_0805_2012Metric,,smt
"R48, R54, R72",3,330k,R_0603_1608Metric,,smt
"R49, R50, R55, R56, R73, R74",6,2k7,R_0603_1608Metric,,smt
"R51, R52, R60, R66, R75, R76",6,5k1,R_0603_1608Metric,,smt
"R63, R65",2,100K,R_0402_1005Metric,,smt
RV1,1,MOV-07D220K,RV_Disc_D9mm_W3.5mm_P5mm,,tht
"RV10, RV11, RV12, RV13, RV14, RV15, RV16, RV2, RV3, RV4, RV5, RV6, RV7, RV8, RV9",15,2K,Potentiometer_Bourns_PTV09A-1_Single_Vertical,,tht
"SW1, SW2, SW3, SW4, SW5, SW6",6,SW_DIP_x12,DIP-24_W7.62mm_LongPads,,tht
SW7,1,SW_DIP_x05,DIP-10_W7.62mm,,tht
SW8,1,SW_DIP_x10,DIP-20_W7.62mm,,tht
TP1,1,TestPoint,PinHeader_1x01_P2.54mm_Vertical,,tht
"U1, U10, U11, U12, U13, U14, U15, U2, U3, U4, U5, U6, U7, U8, U9",15,SFH617A-2X009T,SMDIP-4_W7.62mm,,smt
U16,1,ESP32-DevKitC,ESP32-DevKitC,,tht
