Designator,Footprint,Quantity,Value,LCSC Part #
"12V_1, 3V3_1, 5V_1, BATT_1, GND_1",PinHeader_2x04_P2.54mm_Vertical,5,Conn_02x04_Counter_Clockwise,
A1,Arduino_Nano,1,Nano V3 pulse generator,
"C1, C13, C14, C15, C2, C25, C26, C27, C28, C29, C3, C30, C31, C32, C33, C34, C35, C37, C38, C39, C4, C40, C41, C42",0603,24,0.1uF 50V,
"C10, C16, C17, C21, C9",0402,5,100nF 50V,
C11,0402,1,100pF,
"C12, C5, C6, C7, C8",0805,5,22uF 16V,
"C18, C19, C23, C24",0603,4,10uF 25V,
C20,0402,1,2.2µF,
C22,0402,1,22pF,
C36,0603,1,1uF,
"D1, D10",D_SOD-123,2,18V,
"D2, D3, D4, D5, D6, D7",D_SOD-123F,6,PMEG3010EH,
F1,1210,1,Polyfuse,
F2,Fuse_BelFuse_0ZRE0033FF_L11.4mm_W3.8mm,1,0ZRB0250FF1E,
FB1,0805,1,120R@100MHz,
IC1,SOIC127P600X175-16N,1,CD74HC4050M96,
IC2,SOIC127P600X175-8N,1,SP721ABG,
IC3,74HC4067BQQ100J,1,74HC4067BQ-Q100J,
IC4,MP2322GQHZ,1,MP2322GQH-Z,
"IC5, IC6, IC7",SOP65P490X110-8N,3,LM358BAIDGKR,
J2,JST_XH_S4B-XH-A-1_1x04_P2.50mm_Horizontal,1,Conn_01x04_Socket,
"JP1, JP11, JP13, JP15, JP17, JP19, JP21, JP23, JP25, JP3, JP5, JP7, JP9",TestPoint_2Pads_Pitch2.54mm_Drill0.8mm,13,Jumper_2_Bridged,
"JP10, JP12, JP14, JP16, JP18, JP2, JP20, JP22, JP24, JP26, JP4, JP6, JP8",SolderJumper-2_P1.3mm_Open_TrianglePad1.0x1.5mm,13,SolderJumper_2_Open,
L1,L_Bourns-SRN6028,1,10uH,
L2,INDPM2016X100N,1,MAKK2016T3R3M,
PS1,TSOT-23-6,1,AP63200WU-7,
Q1,SOT-23,1,2N7002,
Q2,SOT-23,1,PJA3441,
"Q3, Q4, Q5, Q6, Q7, Q8",SOT-23,6,DMG2301L,
R1,0402,1,51k,
"R10, R11, R12, R13, R14, R15, R16, R17, R18, R19, R20, R21, R22, R23, R24, R25, R26, R27, R28, R29, R30, R31, R32, R33, R34, R35, R40, R42, R44, R46, R6, R62, R64, R7, R8, R9",0805,36,1K,
"R100, R101, R102, R103, R104, R105, R106, R107, R108, R109, R110, R111, R112, R113, R114, R115, R116, R117, R118, R119, R120, R121, R122, R123, R124, R125, R126, R127, R128, R129, R130, R131, R132, R133, R134, R135, R136, R137, R138, R139, R140, R141, R142, R143, R144, R57, R58, R59, R61, R70, R71, R79, R80, R81, R82, R83, R84, R85, R86, R87, R88, R89, R90, R91, R92, R93, R94, R95, R96, R97, R98, R99",0603,72,270R,
"R145, R149, R150, R52, R53, R66, R67, R76",0603,8,5K1,
"R147, R68, R69, R77, R78",0603,5,22R,
R148,0603,1,51R,
R2,0402,1,470k,
R3,0402,1,82k,
"R36, R63, R65",0402,3,100K,
R37,0402,1,220K,
R38,0402,1,976K,
"R39, R5",0402,2,0R,
R4,0402,1,430k,
"R41, R43, R45, R47",0805,4,2K,
"R48, R54, R72",0603,3,6K8,
"R49, R55, R73",0603,3,330K,
"R50, R51, R56, R60, R74, R75",0603,6,2K7,
RV1,RV_Disc_D9mm_W3.5mm_P5mm,1,MOV-07D220K,
"RV10, RV11, RV12, RV13, RV14, RV15, RV16, RV2, RV3, RV4, RV5, RV6, RV7, RV8, RV9",Potentiometer_Bourns_PTV09A-1_Single_Vertical,15,2K,
"SW1, SW2, SW3, SW4, SW5, SW6",DIP-24_W7.62mm_LongPads,6,SW_DIP_x12,
SW7,DIP-10_W7.62mm,1,SW_DIP_x05,
SW8,DIP-20_W7.62mm,1,SW_DIP_x10,
TP1,PinHeader_1x01_P2.54mm_Vertical,1,TestPoint,
"U1, U10, U11, U12, U13, U14, U15, U2, U3, U4, U5, U6, U7, U8, U9",SMDIP-4_W7.62mm,15,SFH617A-2X009T,
U16,ESP32-DevKitC,1,ESP32-DevKitC,
